institution_short,name,rank,title,source_url,fetched
VinUni,Laurent El Ghaoui,Professor,"Laurent El Ghaoui, Prof. | Vice Provost of Research & Innovation, VinUniversity | Scientific Director, Center for Environmental Intelligence",https://cecs.vinuni.edu.vn/our-people/,2026-09-30
VinUni,Do Ngoc Minh,Professor,"Prof. Do Ngoc Minh, PhD | Dean | Chief Scientific Officer, Smart Health Center",https://cecs.vinuni.edu.vn/our-people/,2026-09-30
VinUni,Saeid Sanei,Professor,"Prof. Saeid Sanei, PhD | Professor - Computer Science (Signal Processing & Machine Learning) | Program Director, Computer Science Program | Chair of CECS Scient",https://cecs.vinuni.edu.vn/our-people/,2026-09-30
VinUni,Pham Ngoc Nam,Associate Professor,"Assoc. Prof. Pham Ngoc Nam, PhD | Associate Professor | Vice Dean",https://cecs.vinuni.edu.vn/our-people/,2026-09-30
VinUni,Do Tho Truong,Assistant Professor,"Assist. Prof. Do Tho Truong, PhD | Director, Mechanical Engineering program | Assistant Professor",https://cecs.vinuni.edu.vn/our-people/,2026-09-30
VinUni,Le Duy Dung,Assistant Professor,"Assist. Prof. Le Duy Dung, PhD | Program Director, Data Science Program | Associate Program Director, Computer Science program | Assistant Professor | faculty",https://cecs.vinuni.edu.vn/our-people/,2026-09-30
VinUni,Ahmad Hajjar,Assistant Professor,"Assist. Prof. Ahmad Hajjar, PhD | Assistant Professor",https://cecs.vinuni.edu.vn/our-people/,2026-09-30
VinUni,Do Danh Cuong,Assistant Professor,"Do Danh Cuong, PhD | Assistant Professor, Electrical Engineering program",https://cecs.vinuni.edu.vn/our-people/,2026-09-30
VinUni,Doan Dang Khoa,Assistant Professor,"Assist. Prof. Doan Dang Khoa, PhD | Assistant Professor, Computer Science program | Associate Director, VinUni-Illinois Smart Health Center",https://cecs.vinuni.edu.vn/our-people/,2026-09-30
VinUni,Kok-Seng Wong,Associate Professor,"Assoc. Prof. Kok-Seng Wong, PhD | Associate Professor, Computer Science program",https://cecs.vinuni.edu.vn/our-people/,2026-09-30
VinUni,Nguyen Vu Linh,Assistant Professor,"Nguyen Vu Linh, PhD | Assistant Professor, Mechanical Engineering program",https://cecs.vinuni.edu.vn/our-people/,2026-09-30
VinUni,Nguyen Dang Tung,Assistant Professor,"Assist. Prof. Nguyen Dang Tung, PhD | Director of Career and Industry | Assistant Professor, Mechanical Engineering program",https://cecs.vinuni.edu.vn/our-people/,2026-09-30
VinUni,Le Van Quynh,Assistant Professor,"Assist. Prof. Le Van Quynh, PhD | Assistant Professor",https://cecs.vinuni.edu.vn/our-people/,2026-09-30
VinUni,Phung Thi Viet Bac,Lecturer,"Phung Thi Viet Bac, PhD | Executive Director, Center for Environmental Intelligence | Research Faculty",https://cecs.vinuni.edu.vn/our-people/,2026-09-30
VinUni,Pham Huy Hieu,Assistant Professor,"Assist. Prof. Pham Huy Hieu, PhD | Principal Investigator, VinUni-Illinois Smart Health Center | Assistant Professor, Computer Science program",https://cecs.vinuni.edu.vn/our-people/,2026-09-30
VinUni,Nidal Kamel,Associate Professor,"Assoc. Prof. Nidal Kamel, PhD | Associate Professor, Electrical Engineering program",https://cecs.vinuni.edu.vn/our-people/,2026-09-30
VinUni,Thai Mai Thanh,Assistant Professor,"Assist. Prof. Thai Mai Thanh, PhD | Assistant Professor, Mechanical Engineering program",https://cecs.vinuni.edu.vn/our-people/,2026-09-30
VinUni,Tran Thi Mai,Assistant Professor,"Assist. Prof. Tran Thi Mai, PhD | Assistant Professor",https://cecs.vinuni.edu.vn/our-people/,2026-09-30
VinUni,Chu Thi Mai Hong,Assistant Professor,"Assist. Prof. Chu Thi Mai Hong, PhD | Assistant Professor",https://cecs.vinuni.edu.vn/our-people/,2026-09-30
VinUni,Nguyen Ngoc Doanh,Associate Professor,"Assoc. Prof. Nguyen Ngoc Doanh, PhD | Associate Professor | Center for Environmental Intelligence, VinUniversity",https://cecs.vinuni.edu.vn/our-people/,2026-09-30
VinUni,Nguyen Dinh Duc Nha,Assistant Professor,"Assist. Prof. Nguyen Dinh Duc Nha, PhD | Assistant Professor, Computer Science program",https://cecs.vinuni.edu.vn/our-people/,2026-09-30
VinUni,Mo El-Haj,Associate Professor,"Assoc. Prof. Mo El-Haj, PhD | Associate Professor (Reader), Data Science Program | Director of NLP @ VinUniversity Research Group",https://cecs.vinuni.edu.vn/our-people/,2026-09-30
VinUni,Sungdeok (Steve) Cha,Professor,"Prof. Sungdeok (Steve) Cha, PhD | Professor",https://cecs.vinuni.edu.vn/our-people/,2026-09-30
VinUni,Matthew H. Rolley,Lecturer,"Matthew H. Rolley, PhD | Senior Lecturer",https://cecs.vinuni.edu.vn/our-people/,2026-09-30
VinUni,Nguyen Tuan Binh,Assistant Professor,"Assist. Prof. Nguyen Tuan Binh, PhD | Assistant Professor, Data Science Program",https://cecs.vinuni.edu.vn/our-people/,2026-09-30
VinUni,Vu Van Khu,Assistant Professor,"Vu Van Khu, PhD | Assistant Professor - Data Science",https://cecs.vinuni.edu.vn/our-people/,2026-09-30
VinUni,Zengchang Qin,Professor,"Prof. Zengchang Qin, PhD | Professor in Artificial Intelligence/Machine Learning",https://cecs.vinuni.edu.vn/our-people/,2026-09-30
VinUni,Chun-Yang Yin,Professor,"Prof. Chun-Yang Yin, PhD | Professor – Materials Science",https://cecs.vinuni.edu.vn/our-people/,2026-09-30
VinUni,Huynh Thanh Trung,Assistant Professor,"Assist. Prof. Huynh Thanh Trung, PhD | Assistant Professor - Computer Science",https://cecs.vinuni.edu.vn/our-people/,2026-09-30
VinUni,Kumar Vikrant,Assistant Professor,"VinUniversity Assistant Professor Kumar Vikrant, PhD | Assistant Professor | Principal Investigator, Center for Materials Innovation and Technology",https://cecs.vinuni.edu.vn/our-people/,2026-09-30
VinUni,Leandro Soriano Marcolino,Assistant Professor,"Assist. Prof. Leandro Soriano Marcolino, PhD | Assistant Professor - Computer Science",https://cecs.vinuni.edu.vn/our-people/,2026-09-30
VinUni,Nguyen Phuoc Quy Duy,Associate Professor,"Assoc. Prof. Nguyen Phuoc Quy Duy, PhD | Associate Professor",https://cecs.vinuni.edu.vn/our-people/,2026-09-30
VinUni,Yuvraj Sahni,Assistant Professor,"Assist. Prof. Yuvraj Sahni, PhD | Assistant Professor – Electrical Engineering",https://cecs.vinuni.edu.vn/our-people/,2026-09-30
VinUni,Phan Duc Anh,Assistant Professor,"Phan Duc Anh, PhD | Assistant Professor - Mechanical Engineering",https://cecs.vinuni.edu.vn/our-people/,2026-09-30
VinUni,Simon Park,Professor,"Simon Park, PhD | Professor - Mechanical Engineering",https://cecs.vinuni.edu.vn/our-people/,2026-09-30
VinUni,Le Van Lich,Associate Professor,"Assoc. Prof. Le Van Lich, PhD | Associate Professor",https://cecs.vinuni.edu.vn/our-people/,2026-09-30
VinUni,Phung Manh Duong,Assistant Professor,"Phung Manh Duong, PhD | Assistant Professor - AI and Robotics",https://cecs.vinuni.edu.vn/our-people/,2026-09-30
VinUni,Nguyen Ha Thanh,Assistant Professor,"Nguyen Ha Thanh, PhD | Assistant Professor of AI/Machine Learning",https://cecs.vinuni.edu.vn/our-people/,2026-09-30
VinUni,Ly Quang Viet,Assistant Professor,"Ly Quang Viet, PhD | Assistant Professor | Senior Researcher, VinUniversity’s Smart Green Transformation Center (Green X)",https://cecs.vinuni.edu.vn/our-people/,2026-09-30
VinUni,Le Phuoc Anh,Assistant Professor,"Le Phuoc Anh, PhD | Assistant Professor - Materials Science",https://cecs.vinuni.edu.vn/our-people/,2026-09-30
VinUni,Pham Duc Thinh,Assistant Professor,"Assist. Prof. Pham Duc Thinh, PhD | Assistant Professor",https://cecs.vinuni.edu.vn/our-people/,2026-09-30
VinUni,Vo Sy Nam,Assistant Professor,"Vo Sy Nam, PhD | Assistant Professor, Data Science Program | Chief Operating Officer, VinUni Bigdata Research Institute",https://cecs.vinuni.edu.vn/our-people/,2026-09-30
VinUni,Vu Minh Canh,Assistant Professor,"VinUniversity Assistant Professor Vu Minh Canh, PhD | Assistant Professor | Assistant Professor, Center for Materials Innovation and Technology",https://cecs.vinuni.edu.vn/our-people/,2026-09-30
VinUni,Saurabh Pathak,Affiliate or visiting,"VinUniversity Assistant Professor Saurabh Pathak, PhD | Assistant Professor - Materials Science | Affiliate Faculty",https://cecs.vinuni.edu.vn/our-people/,2026-09-30
VinUni,Wray Buntine,Affiliate or visiting,"Wray Buntine, PhD | Affiliate Faculty",https://cecs.vinuni.edu.vn/our-people/,2026-09-30
VinUni,Chee Seng Chan,Affiliate or visiting,"Chee Seng Chan, Prof., PhD | Affiliate Faculty",https://cecs.vinuni.edu.vn/our-people/,2026-09-30
VinUni,Alex Kot,Affiliate or visiting,"Alex Kot, PhD | Affiliate Faculty | Professor",https://cecs.vinuni.edu.vn/our-people/,2026-09-30
VinUni,Tran Duy Trac,Affiliate or visiting,"Tran Duy Trac, PhD | Affiliate Faculty | Visiting Professor - Electrical Engineering",https://cecs.vinuni.edu.vn/our-people/,2026-09-30
VinUni,Ping Hu,Affiliate or visiting,"Ping Hu, PhD | Affiliate Faculty | Professor - Computer Science and AI",https://cecs.vinuni.edu.vn/our-people/,2026-09-30
VinUni,Tran Minh Ngoc,Affiliate or visiting,"Tran Minh Ngoc, PhD | Affiliate Faculty | Professor - Data Science",https://cecs.vinuni.edu.vn/our-people/,2026-09-30
VinUni,Nguyen Van Dinh,Affiliate or visiting,"Nguyen Van Dinh, PhD | Affiliate Faculty",https://cecs.vinuni.edu.vn/our-people/,2026-09-30
VinUni,Le Thai An,Assistant Professor,"Le Thai An, PhD | Assistant Professor - Computer Science",https://cecs.vinuni.edu.vn/our-people/,2026-09-30
VinUni,Nguyen Van Truong,Affiliate or visiting,"Nguyen Van Truong, PhD | Affiliate Faculty",https://cecs.vinuni.edu.vn/our-people/,2026-09-30
VinUni,Bui Duy Quoc Nghi,Affiliate or visiting,"Bui Duy Quoc Nghi, PhD | Affiliate Faculty | Affiliate Faculty, Center for AI Research",https://cecs.vinuni.edu.vn/our-people/,2026-09-30
VinUni,Robert Henry,Affiliate or visiting,"Robert Henry, PhD | Affiliate Faculty | Affiliate Faculty, Institute of VinUni Big Data Research",https://cecs.vinuni.edu.vn/our-people/,2026-09-30
VinUni,Wen-Huang Cheng,Affiliate or visiting,"Wen-Huang Cheng, PhD | Affiliate Faculty",https://cecs.vinuni.edu.vn/our-people/,2026-09-30
VinUni,Tsung Yi Ho,Affiliate or visiting,"Tsung Yi Ho, PhD | Visiting Professor",https://cecs.vinuni.edu.vn/our-people/,2026-09-30
HUST,Pham Dang Hai,Lecturer with PhD,Ph.D.,https://soict.hust.edu.vn/en/officer,2026-09-30
HUST,Nguyen Linh Giang,Associate Professor,Assoc. Prof.,https://soict.hust.edu.vn/en/officer,2026-09-30
HUST,Pham Thanh Liem,Below PhD,M.S.,https://soict.hust.edu.vn/en/officer,2026-09-30
HUST,Banh Thi Quynh Mai,Below PhD,MEng.,https://soict.hust.edu.vn/en/officer,2026-09-30
HUST,Nguyen Khanh Van,Associate Professor,Assoc. Prof.,https://soict.hust.edu.vn/en/officer,2026-09-30
HUST,Nguyen Thi Thanh Nga,Lecturer with PhD,Ph.D.,https://soict.hust.edu.vn/en/officer,2026-09-30
HUST,Le Tan Hung,Below PhD,M.S.,https://soict.hust.edu.vn/en/officer,2026-09-30
HUST,Ta Hai Tung,Associate Professor,Assoc. Prof.,https://soict.hust.edu.vn/en/officer,2026-09-30
HUST,La The Vinh,Associate Professor,Assoc. Prof.,https://soict.hust.edu.vn/en/officer,2026-09-30
HUST,Nguyen Huu Duc,Lecturer with PhD,Ph.D.,https://soict.hust.edu.vn/en/officer,2026-09-30
HUST,Pham Van Hai,Associate Professor,Assoc. Prof.,https://soict.hust.edu.vn/en/officer,2026-09-30
HUST,Tran Hoang Hai,Lecturer with PhD,Ph.D.,https://soict.hust.edu.vn/en/officer,2026-09-30
HUST,Nguyen Duc Toan,Lecturer with PhD,Ph.D.,https://soict.hust.edu.vn/en/officer,2026-09-30
HUST,Vu Tuyet Trinh,Lecturer with PhD,Ph.D.,https://soict.hust.edu.vn/en/officer,2026-09-30
HUST,Huynh Thi Thanh Binh,Professor,Prof.,https://soict.hust.edu.vn/en/officer,2026-09-30
HUST,Le Xuan Thanh,Lecturer with PhD,Ph.D.,https://soict.hust.edu.vn/en/officer,2026-09-30
HUST,Nguyen Duc Tien,Below PhD,M.S.,https://soict.hust.edu.vn/en/officer,2026-09-30
HUST,Pham Thi Phuong Giang,Below PhD,M.S.,https://soict.hust.edu.vn/en/officer,2026-09-30
HUST,Tran Quang Duc,Associate Professor,Assoc. Prof.,https://soict.hust.edu.vn/en/officer,2026-09-30
HUST,Vu Van Thieu,Lecturer with PhD,Ph.D.,https://soict.hust.edu.vn/en/officer,2026-09-30
HUST,Hoang Van Hiep,Lecturer with PhD,Ph.D.,https://soict.hust.edu.vn/en/officer,2026-09-30
HUST,Cao Tuan Dung,Associate Professor,Assoc. Prof.,https://soict.hust.edu.vn/en/officer,2026-09-30
HUST,Ngo Lam Trung,Lecturer with PhD,Ph.D.,https://soict.hust.edu.vn/en/officer,2026-09-30
HUST,Vu Thi Huong Giang,Lecturer with PhD,Ph.D.,https://soict.hust.edu.vn/en/officer,2026-09-30
HUST,Le Thanh Huong,Associate Professor,Assoc. Prof.,https://soict.hust.edu.vn/en/officer,2026-09-30
HUST,Le Ba Vui,Below PhD,M.S.,https://soict.hust.edu.vn/en/officer,2026-09-30
HUST,Nguyen Thi Oanh,Lecturer with PhD,Ph.D.,https://soict.hust.edu.vn/en/officer,2026-09-30
HUST,Pham Ngoc Hung,Lecturer with PhD,Ph.D.,https://soict.hust.edu.vn/en/officer,2026-09-30
HUST,Trinh Anh Phuc,Lecturer with PhD,Ph.D.,https://soict.hust.edu.vn/en/officer,2026-09-30
HUST,Tran Vinh Duc,Lecturer with PhD,Ph.D.,https://soict.hust.edu.vn/en/officer,2026-09-30
HUST,Bui Trong Tung,Below PhD,M.S.,https://soict.hust.edu.vn/en/officer,2026-09-30
HUST,Pham Quang Dung,Lecturer with PhD,Ph.D.,https://soict.hust.edu.vn/en/officer,2026-09-30
HUST,Tran Nguyen Ngoc,Lecturer with PhD,Ph.D.,https://soict.hust.edu.vn/en/officer,2026-09-30
HUST,Nguyen Dinh Thuan,Lecturer with PhD,Ph.D.,https://soict.hust.edu.vn/en/officer,2026-09-30
HUST,Dang Tuan Linh,Lecturer with PhD,Ph.D.,https://soict.hust.edu.vn/en/officer,2026-09-30
HUST,Tran Nhat Hoa,Lecturer with PhD,Ph.D.,https://soict.hust.edu.vn/en/officer,2026-09-30
HUST,Do Cong Thuan,Lecturer with PhD,Ph.D.,https://soict.hust.edu.vn/en/officer,2026-09-30
HUST,Than Quang Khoat,Associate Professor,Assoc. Prof.,https://soict.hust.edu.vn/en/officer,2026-09-30
HUST,Nguyen Khanh Phuong,Lecturer with PhD,Ph.D.,https://soict.hust.edu.vn/en/officer,2026-09-30
HUST,Nguyen Nhat Hai,Lecturer with PhD,Ph.D.,https://soict.hust.edu.vn/en/officer,2026-09-30
HUST,Nguyen Thanh Hung,Lecturer with PhD,Ph.D.,https://soict.hust.edu.vn/en/officer,2026-09-30
HUST,Tran Hai Anh,Lecturer with PhD,Ph.D.,https://soict.hust.edu.vn/en/officer,2026-09-30
HUST,Le Huy Cuong,Below PhD,M.S.,https://soict.hust.edu.vn/en/officer,2026-09-30
HUST,Pham Duy Dat,Below PhD,B.Sc.,https://soict.hust.edu.vn/en/officer,2026-09-30
HUST,Nguyen Phi Le,Associate Professor,Assoc.Prof.,https://soict.hust.edu.vn/en/officer,2026-09-30
HUST,Nguyen Thi Thu Trang,Lecturer with PhD,Ph.D.,https://soict.hust.edu.vn/en/officer,2026-09-30
HUST,Nguyen Tuan Dung,Lecturer with PhD,Ph.D.,https://soict.hust.edu.vn/en/officer,2026-09-30
HUST,Do Tien Dung,Lecturer with PhD,Ph.D.,https://soict.hust.edu.vn/en/officer,2026-09-30
HUST,Nguyen Hong Phuong,Below PhD,M.S.,https://soict.hust.edu.vn/en/officer,2026-09-30
HUST,Ban Ha Bang,Lecturer with PhD,Ph.D.,https://soict.hust.edu.vn/en/officer,2026-09-30
HUST,Do Quoc Huy,Lecturer with PhD,Ph.D.,https://soict.hust.edu.vn/en/officer,2026-09-30
HUST,Bui Thi Mai Anh,Lecturer with PhD,Ph.D.,https://soict.hust.edu.vn/en/officer,2026-09-30
HUST,Nguyen Manh Tuan,Below PhD,M.S.,https://soict.hust.edu.vn/en/officer,2026-09-30
HUST,Trinh Van Loan,Associate Professor,Assoc. Prof.,https://soict.hust.edu.vn/en/officer,2026-09-30
HUST,Pham Thi Anh Tuyet,Below PhD,BA.,https://soict.hust.edu.vn/en/officer,2026-09-30
HUST,Vu Duc Vuong,Below PhD,M.S.,https://soict.hust.edu.vn/en/officer,2026-09-30
HUST,Le Thi Hoa,Below PhD,M.S.,https://soict.hust.edu.vn/en/officer,2026-09-30
HUST,Nguyen Kiem Hieu,Lecturer with PhD,Ph.D.,https://soict.hust.edu.vn/en/officer,2026-09-30
HUST,Nguyen Binh Minh,Associate Professor,Assoc. Prof.,https://soict.hust.edu.vn/en/officer,2026-09-30
HUST,Nguyen Ba Ngoc,Lecturer with PhD,Ph.D.,https://soict.hust.edu.vn/en/officer,2026-09-30
HUST,Nguyen Duy Hiep,Below PhD,M.S.,https://soict.hust.edu.vn/en/officer,2026-09-30
HUST,Nguyen Tien Thanh,Below PhD,M.S.,https://soict.hust.edu.vn/en/officer,2026-09-30
HUST,Trinh Thanh Trung,Lecturer with PhD,Ph.D.,https://soict.hust.edu.vn/en/officer,2026-09-30
HUST,Do Ba Lam,Lecturer with PhD,Ph.D.,https://soict.hust.edu.vn/en/officer,2026-09-30
HUST,Tran Viet Trung,Lecturer with PhD,Ph.D.,https://soict.hust.edu.vn/en/officer,2026-09-30
HUST,Dinh Viet Sang,Lecturer with PhD,Ph.D.,https://soict.hust.edu.vn/en/officer,2026-09-30
HUST,Trinh Tuan Dat,Lecturer with PhD,Ph.D.,https://soict.hust.edu.vn/en/officer,2026-09-30
HUST,Nguyen Kim Khanh,Lecturer with PhD,Ph.D.,https://soict.hust.edu.vn/en/officer,2026-09-30
HUST,Tran Dinh Khang,Associate Professor,Assoc. Prof.,https://soict.hust.edu.vn/en/officer,2026-09-30
HUST,Bui Quoc Trung,Lecturer with PhD,Ph.D.,https://soict.hust.edu.vn/en/officer,2026-09-30
HUST,Nguyen Thi Thu Huong,Lecturer with PhD,Ph.D.,https://soict.hust.edu.vn/en/officer,2026-09-30
HUST,Pham Huy Hoang,Lecturer with PhD,Ph.D.,https://soict.hust.edu.vn/en/officer,2026-09-30
HUST,Ngo Quynh Thu,Associate Professor,Assoc. Prof.,https://soict.hust.edu.vn/en/officer,2026-09-30
HUST,Nhu Thi Nga,Below PhD,M.S.,https://soict.hust.edu.vn/en/officer,2026-09-30
HUST,Tran Thi Dung,Below PhD,M.S.,https://soict.hust.edu.vn/en/officer,2026-09-30
HUST,Nguyen Thi Kim Anh,Associate Professor,Assoc. Prof.,https://soict.hust.edu.vn/en/officer,2026-09-30
HUST,Michel Toulouse,Lecturer with PhD,Ph.D.,https://soict.hust.edu.vn/en/officer,2026-09-30
HUST,Truong Thi Dieu Linh,Associate Professor,Assoc. Prof.,https://soict.hust.edu.vn/en/officer,2026-09-30
HUST,Huynh Quyet Thang,Associate Professor,Assoc. Prof.,https://soict.hust.edu.vn/en/officer,2026-09-30
HUST,Nguyen Hong Quang,Associate Professor,Assoc.Prof.,https://soict.hust.edu.vn/en/officer,2026-09-30
HUST,Le Duc Trung,Below PhD,M.S.,https://soict.hust.edu.vn/en/officer,2026-09-30
HUST,Le Duc Hau,Associate Professor,Assoc.Prof.,https://soict.hust.edu.vn/en/officer,2026-09-30
HUST,Tran Van Dang,Lecturer with PhD,Ph.D.,https://soict.hust.edu.vn/en/officer,2026-09-30
HUST,Dam Quang Tuan,Lecturer with PhD,Ph.D.,https://soict.hust.edu.vn/en/officer,2026-09-30
HUST,Dinh Thi Ha Ly,Lecturer with PhD,Ph.D.,https://soict.hust.edu.vn/en/officer,2026-09-30
HUST,Nguyen Thi Hien,Below PhD,B.Sc.,https://soict.hust.edu.vn/en/officer,2026-09-30
HUST,Nguyen An Hung,Lecturer with PhD,Ph.D.,https://soict.hust.edu.vn/en/officer,2026-09-30
HUST,Dinh Thi Thu Huong,Below PhD,BA.,https://soict.hust.edu.vn/en/officer,2026-09-30
HUST,Nguyen Thanh Nguyet,Below PhD,B.Sc.,https://soict.hust.edu.vn/en/officer,2026-09-30
HUST,Nguyen Van Son,Lecturer with PhD,Ph.D.,https://soict.hust.edu.vn/en/officer,2026-09-30
HUST,Ho Viet Duc Luong,Below PhD,M.S.,https://soict.hust.edu.vn/en/officer,2026-09-30
HUST,Tong Van Van,Lecturer with PhD,Ph.D.,https://soict.hust.edu.vn/en/officer,2026-09-30
HUST,Ngo Thanh Trung,Lecturer with PhD,Ph.D.,https://soict.hust.edu.vn/en/officer,2026-09-30
HUST,Nguyen Duc Anh,Lecturer with PhD,Ph.D.,https://soict.hust.edu.vn/en/officer,2026-09-30
HUST,Nguyen Duy Tung,Below PhD,B.S.,https://soict.hust.edu.vn/en/officer,2026-09-30
HUST,Nguyen Quoc Tuan,Lecturer with PhD,Ph.D.,https://soict.hust.edu.vn/en/officer,2026-09-30
HUST,Tuong Van Dat,Lecturer with PhD,Ph.D.,https://soict.hust.edu.vn/en/officer,2026-09-30
HUST,Ta Duy Hoang,Lecturer with PhD,Ph.D.,https://soict.hust.edu.vn/en/officer,2026-09-30
VNU-UET,Nguyễn Đức Anh,Lecturer with PhD,TS. (Cán bộ cơ hữu),https://www.fit.uet.vnu.edu.vn/giang-vien/,2026-09-30
VNU-UET,Trần Mạnh Cường,Below PhD,ThS. (Cán bộ cơ hữu),https://www.fit.uet.vnu.edu.vn/giang-vien/,2026-09-30
VNU-UET,Đặng Đức Hạnh,Associate Professor,PGS.TS. (Cán bộ cơ hữu),https://www.fit.uet.vnu.edu.vn/giang-vien/,2026-09-30
VNU-UET,Võ Đình Hiếu,Associate Professor,PGS.TS. (Cán bộ cơ hữu),https://www.fit.uet.vnu.edu.vn/giang-vien/,2026-09-30
VNU-UET,Phạm Ngọc Hùng,Associate Professor,PGS.TS. (Cán bộ cơ hữu),https://www.fit.uet.vnu.edu.vn/giang-vien/,2026-09-30
VNU-UET,Vũ Thị Hồng Nhạn,Lecturer with PhD,TS. (Cán bộ cơ hữu),https://www.fit.uet.vnu.edu.vn/giang-vien/,2026-09-30
VNU-UET,Nguyễn Văn Sơn,Lecturer with PhD,TS. (Cán bộ cơ hữu),https://www.fit.uet.vnu.edu.vn/giang-vien/,2026-09-30
VNU-UET,Nguyễn Việt Tân,Below PhD,ThS. (Cán bộ cơ hữu),https://www.fit.uet.vnu.edu.vn/giang-vien/,2026-09-30
VNU-UET,Nguyễn Thị Thủy,Lecturer with PhD,TS. (Cán bộ cơ hữu),https://www.fit.uet.vnu.edu.vn/giang-vien/,2026-09-30
VNU-UET,Nguyễn Thu Trang,Below PhD,ThS. (Cán bộ cơ hữu),https://www.fit.uet.vnu.edu.vn/giang-vien/,2026-09-30
VNU-UET,Lê Khánh Trình,Lecturer with PhD,TS. (Cán bộ cơ hữu),https://www.fit.uet.vnu.edu.vn/giang-vien/,2026-09-30
VNU-UET,Nguyễn Hải Châu,Associate Professor,PGS.TS. (Cán bộ cơ hữu),https://www.fit.uet.vnu.edu.vn/giang-vien/,2026-09-30
VNU-UET,Vũ Bá Duy,Below PhD,ThS. (Cán bộ cơ hữu),https://www.fit.uet.vnu.edu.vn/giang-vien/,2026-09-30
VNU-UET,Lê Hồng Hải,Lecturer with PhD,TS. (Cán bộ cơ hữu),https://www.fit.uet.vnu.edu.vn/giang-vien/,2026-09-30
VNU-UET,Dư Phương Hạnh,Lecturer with PhD,TS. (Cán bộ cơ hữu),https://www.fit.uet.vnu.edu.vn/giang-vien/,2026-09-30
VNU-UET,Nguyễn Thị Hậu,Lecturer with PhD,TS. (Cán bộ cơ hữu),https://www.fit.uet.vnu.edu.vn/giang-vien/,2026-09-30
VNU-UET,Nguyễn Ngọc Hóa,Associate Professor,PGS.TS. (Cán bộ cơ hữu),https://www.fit.uet.vnu.edu.vn/giang-vien/,2026-09-30
VNU-UET,Nguyễn Trí Thành,Associate Professor,PGS.TS. (Cán bộ cơ hữu),https://www.fit.uet.vnu.edu.vn/giang-vien/,2026-09-30
VNU-UET,Nguyễn Việt Anh,Associate Professor,PGS.TS. (Cán bộ cơ hữu),https://www.fit.uet.vnu.edu.vn/giang-vien/,2026-09-30
VNU-UET,Trần Thị Minh Châu,Lecturer with PhD,TS. (Cán bộ cơ hữu),https://www.fit.uet.vnu.edu.vn/giang-vien/,2026-09-30
VNU-UET,Mẫn Đức Chức,Lecturer with PhD,TS. (Cán bộ cơ hữu),https://www.fit.uet.vnu.edu.vn/giang-vien/,2026-09-30
VNU-UET,Lê Quang Hiếu,Lecturer with PhD,TS. (Cán bộ cơ hữu),https://www.fit.uet.vnu.edu.vn/giang-vien/,2026-09-30
VNU-UET,Lê Minh Khôi,Below PhD,ThS. (Cán bộ cơ hữu),https://www.fit.uet.vnu.edu.vn/giang-vien/,2026-09-30
VNU-UET,Lê Nguyên Khôi,Lecturer with PhD,TS. (Cán bộ cơ hữu),https://www.fit.uet.vnu.edu.vn/giang-vien/,2026-09-30
VNU-UET,Nguyễn Thị Nhật Thanh,Associate Professor,PGS.TS. (Cán bộ cơ hữu),https://www.fit.uet.vnu.edu.vn/giang-vien/,2026-09-30
VNU-UET,Nguyễn Thanh Thủy,Professor,GS.TS. (Cán bộ cơ hữu),https://www.fit.uet.vnu.edu.vn/giang-vien/,2026-09-30
VNU-UET,Hoàng Thị Ngọc Trang,Below PhD,ThS. (Cán bộ cơ hữu),https://www.fit.uet.vnu.edu.vn/giang-vien/,2026-09-30
VNU-UET,Lê Đức Trọng,Lecturer with PhD,TS. (Cán bộ cơ hữu),https://www.fit.uet.vnu.edu.vn/giang-vien/,2026-09-30
VNU-UET,Ngô Xuân Trường,Below PhD,ThS. (Cán bộ cơ hữu),https://www.fit.uet.vnu.edu.vn/giang-vien/,2026-09-30
VNU-UET,Nguyễn Văn Vinh,Lecturer with PhD,TS. (Cán bộ cơ hữu),https://www.fit.uet.vnu.edu.vn/giang-vien/,2026-09-30
VNU-UET,Đặng Cao Cường,Lecturer with PhD,TS. (Cán bộ cơ hữu),https://www.fit.uet.vnu.edu.vn/giang-vien/,2026-09-30
VNU-UET,Nghiêm Nguyễn Việt Dũng,Lecturer with PhD,TS. (Cán bộ cơ hữu),https://www.fit.uet.vnu.edu.vn/giang-vien/,2026-09-30
VNU-UET,Hoàng Thị Điệp,Lecturer with PhD,TS. (Cán bộ cơ hữu),https://www.fit.uet.vnu.edu.vn/giang-vien/,2026-09-30
VNU-UET,Đỗ Đức Đông,Lecturer with PhD,TS. (Cán bộ cơ hữu),https://www.fit.uet.vnu.edu.vn/giang-vien/,2026-09-30
VNU-UET,Đặng Thanh Hải,Lecturer with PhD,TS. (Cán bộ cơ hữu),https://www.fit.uet.vnu.edu.vn/giang-vien/,2026-09-30
VNU-UET,Lê Sỹ Vinh,Professor,GS.TS. (Cán bộ cơ hữu),https://www.fit.uet.vnu.edu.vn/giang-vien/,2026-09-30
VNU-UET,Phạm Mạnh Linh,Lecturer with PhD,TS. (Cán bộ cơ hữu),https://www.fit.uet.vnu.edu.vn/giang-vien/,2026-09-30
VNU-UET,Trần Trúc Mai,Lecturer with PhD,TS. (Cán bộ cơ hữu),https://www.fit.uet.vnu.edu.vn/giang-vien/,2026-09-30
VNU-UET,Ngô Lê Minh,Below PhD,ThS. (Cán bộ cơ hữu),https://www.fit.uet.vnu.edu.vn/giang-vien/,2026-09-30
VNU-UET,Dương Lê Minh,Lecturer with PhD,TS. (Cán bộ cơ hữu),https://www.fit.uet.vnu.edu.vn/giang-vien/,2026-09-30
VNU-UET,Hồ Đắc Phương,Below PhD,ThS. (Cán bộ cơ hữu),https://www.fit.uet.vnu.edu.vn/giang-vien/,2026-09-30
VNU-UET,Nguyễn Ngọc Tân,Lecturer with PhD,TS. (Cán bộ cơ hữu),https://www.fit.uet.vnu.edu.vn/giang-vien/,2026-09-30
VNU-UET,Hoàng Xuân Tùng,Lecturer with PhD,TS. (Cán bộ cơ hữu),https://www.fit.uet.vnu.edu.vn/giang-vien/,2026-09-30
VNU-UET,Đào Minh Thư,Below PhD,ThS. (Cán bộ cơ hữu),https://www.fit.uet.vnu.edu.vn/giang-vien/,2026-09-30
VNU-UET,Lê Thị Hợi,Lecturer with PhD,TS. (Cán bộ cơ hữu),https://www.fit.uet.vnu.edu.vn/giang-vien/,2026-09-30
VNU-UET,Lê Đình Thanh,Lecturer with PhD,TS. (Cán bộ cơ hữu),https://www.fit.uet.vnu.edu.vn/giang-vien/,2026-09-30
VNU-UET,Nguyễn Đại Thọ,Lecturer with PhD,TS. (Cán bộ cơ hữu),https://www.fit.uet.vnu.edu.vn/giang-vien/,2026-09-30
VNU-UET,Nguyễn Quốc An,Below PhD,ĐH. (Cán bộ cơ hữu),https://www.fit.uet.vnu.edu.vn/giang-vien/,2026-09-30
VNU-UET,Trần Trọng Hiếu,Associate Professor,PGS.TS. (Cán bộ cơ hữu),https://www.fit.uet.vnu.edu.vn/giang-vien/,2026-09-30
VNU-UET,Phan Xuân Hiếu,Associate Professor,PGS.TS. (Cán bộ cơ hữu),https://www.fit.uet.vnu.edu.vn/giang-vien/,2026-09-30
VNU-UET,Lê Hoàng Quỳnh,Lecturer with PhD,TS. (Cán bộ cơ hữu),https://www.fit.uet.vnu.edu.vn/giang-vien/,2026-09-30
VNU-UET,Phạm Thị Quỳnh Trang,Below PhD,ThS. (Cán bộ cơ hữu),https://www.fit.uet.vnu.edu.vn/giang-vien/,2026-09-30
VNU-UET,Nguyễn Thị Cẩm Vân,Below PhD,ThS. (Cán bộ cơ hữu),https://www.fit.uet.vnu.edu.vn/giang-vien/,2026-09-30
VNU-UET,Trần Mai Vũ,Lecturer with PhD,TS. (Cán bộ cơ hữu),https://www.fit.uet.vnu.edu.vn/giang-vien/,2026-09-30
VNU-UET,Vương Thị Hải Yến,Below PhD,ThS. (Cán bộ cơ hữu),https://www.fit.uet.vnu.edu.vn/giang-vien/,2026-09-30
VNU-UET,Tô Văn Khánh,Lecturer with PhD,TS. (Cán bộ cơ hữu),https://www.fit.uet.vnu.edu.vn/giang-vien/,2026-09-30
VNU-UET,Trần Hoàng Việt,Lecturer with PhD,TS. (Cán bộ cơ hữu),https://www.fit.uet.vnu.edu.vn/giang-vien/,2026-09-30
VNU-UET,Tạ Việt Cường,Lecturer with PhD,TS. (Cán bộ cơ hữu),https://www.fit.uet.vnu.edu.vn/giang-vien/,2026-09-30
VNU-UET,Ma Thị Châu,Lecturer with PhD,TS. (Cán bộ cơ hữu),https://www.fit.uet.vnu.edu.vn/giang-vien/,2026-09-30
VNU-UET,Ngô Thị Duyên,Lecturer with PhD,TS. (Cán bộ cơ hữu),https://www.fit.uet.vnu.edu.vn/giang-vien/,2026-09-30
VNU-UET,Kiều Hải Đăng,Below PhD,ThS. (Cán bộ cơ hữu),https://www.fit.uet.vnu.edu.vn/giang-vien/,2026-09-30
VNU-UET,Lê Thanh Hà,Associate Professor,PGS.TS. (Cán bộ cơ hữu),https://www.fit.uet.vnu.edu.vn/giang-vien/,2026-09-30
VNU-UET,Phạm Thị Mai Bảo,Below PhD,ThS. (Cán bộ cơ hữu),https://www.fit.uet.vnu.edu.vn/giang-vien/,2026-09-30
VNU-UET,Nguyễn Thị Minh Thanh,Below PhD,ThS. (Cán bộ cơ hữu),https://www.fit.uet.vnu.edu.vn/giang-vien/,2026-09-30
VNU-UET,Nguyễn Đức Anh,Below PhD,CN. (Cán bộ tạo nguồn),https://www.fit.uet.vnu.edu.vn/giang-vien/,2026-09-30
VNU-UET,Trương Thị Kiều Anh,Below PhD,CN. (Cán bộ tạo nguồn),https://www.fit.uet.vnu.edu.vn/giang-vien/,2026-09-30
VNU-UET,Hoàng Hữu Bách,Below PhD,CN. (Cán bộ tạo nguồn),https://www.fit.uet.vnu.edu.vn/giang-vien/,2026-09-30
VNU-UET,Lê Đức Duy,Below PhD,CN. (Cán bộ tạo nguồn),https://www.fit.uet.vnu.edu.vn/giang-vien/,2026-09-30
VNU-UET,Nguyễn Thái Dương,Below PhD,ThS. (Cán bộ tạo nguồn),https://www.fit.uet.vnu.edu.vn/giang-vien/,2026-09-30
VNU-UET,Nguyễn Vũ Bình Dương,Below PhD,CN. (Cán bộ tạo nguồn),https://www.fit.uet.vnu.edu.vn/giang-vien/,2026-09-30
VNU-UET,Nguyễn Minh Đức,Below PhD,CN. (Cán bộ tạo nguồn),https://www.fit.uet.vnu.edu.vn/giang-vien/,2026-09-30
VNU-UET,Lê Bằng Giang,Below PhD,CN. (Cán bộ tạo nguồn),https://www.fit.uet.vnu.edu.vn/giang-vien/,2026-09-30
VNU-UET,Vũ Đức Hiếu,Below PhD,CN. (Cán bộ tạo nguồn),https://www.fit.uet.vnu.edu.vn/giang-vien/,2026-09-30
VNU-UET,Trương Xuân Hiếu,Below PhD,CN. (Cán bộ tạo nguồn),https://www.fit.uet.vnu.edu.vn/giang-vien/,2026-09-30
VNU-UET,Trần Ngọc Trúc Linh,Below PhD,CN. (Cán bộ tạo nguồn),https://www.fit.uet.vnu.edu.vn/giang-vien/,2026-09-30
VNU-UET,Nguyễn Đức Hoàng Long,Below PhD,CN. (Cán bộ tạo nguồn),https://www.fit.uet.vnu.edu.vn/giang-vien/,2026-09-30
VNU-UET,Nguyễn Huỳnh Trà My,Below PhD,CN. (Cán bộ tạo nguồn),https://www.fit.uet.vnu.edu.vn/giang-vien/,2026-09-30
VNU-UET,Phạm Bảo Phúc,Below PhD,CN. (Cán bộ tạo nguồn),https://www.fit.uet.vnu.edu.vn/giang-vien/,2026-09-30
VNU-UET,Nguyễn Đăng Minh Phương,Below PhD,CN. (Cán bộ tạo nguồn),https://www.fit.uet.vnu.edu.vn/giang-vien/,2026-09-30
VNU-UET,Lê Việt Quân,Below PhD,CN. (Cán bộ tạo nguồn),https://www.fit.uet.vnu.edu.vn/giang-vien/,2026-09-30
VNU-UET,Nguyễn Lưu Tú,Below PhD,CN. (Cán bộ tạo nguồn),https://www.fit.uet.vnu.edu.vn/giang-vien/,2026-09-30
VNU-UET,Kiều Văn Tuyên,Below PhD,CN. (Cán bộ tạo nguồn),https://www.fit.uet.vnu.edu.vn/giang-vien/,2026-09-30
VNU-UET,Vũ Trọng Thanh,Below PhD,CN. (Cán bộ tạo nguồn),https://www.fit.uet.vnu.edu.vn/giang-vien/,2026-09-30
VNU-UET,Vũ Đức Trung,Below PhD,CN. (Cán bộ tạo nguồn),https://www.fit.uet.vnu.edu.vn/giang-vien/,2026-09-30
VNU-UET,Bùi Thế Duy,Associate Professor,PGS. TS. (Cán bộ kiêm nhiệm),https://www.fit.uet.vnu.edu.vn/giang-vien/,2026-09-30
VNU-UET,Phạm Bảo Sơn,Associate Professor,PGS. TS. (Cán bộ kiêm nhiệm),https://www.fit.uet.vnu.edu.vn/giang-vien/,2026-09-30
VNU-UET,Nguyễn Việt Hà,Associate Professor,PGS. TS. (Cán bộ kiêm nhiệm),https://www.fit.uet.vnu.edu.vn/giang-vien/,2026-09-30
VNU-UET,Hà Quang Thụy,Associate Professor,PGS.TS. (Cán bộ kiêm nhiệm),https://www.fit.uet.vnu.edu.vn/giang-vien/,2026-09-30
VNU-UET,Nguyễn Phương Thái,Associate Professor,PGS. TS. (Cán bộ kiêm nhiệm),https://www.fit.uet.vnu.edu.vn/giang-vien/,2026-09-30
VNU-UET,Bùi Ngọc Thăng,Lecturer with PhD,TS. (Cán bộ kiêm nhiệm),https://www.fit.uet.vnu.edu.vn/giang-vien/,2026-09-30
VNU-UET,Trương Ninh Thuận,Associate Professor,PGS. TS. (Cán bộ kiêm nhiệm),https://www.fit.uet.vnu.edu.vn/giang-vien/,2026-09-30
VNU-UET,Trần Quốc Long,Lecturer with PhD,TS. (Cán bộ kiêm nhiệm),https://www.fit.uet.vnu.edu.vn/giang-vien/,2026-09-30
VNU-UET,Lê Phê Đô,Lecturer with PhD,TS. (Cán bộ kiêm nhiệm),https://www.fit.uet.vnu.edu.vn/giang-vien/,2026-09-30
VNU-UET,Nguyễn Ngọc Bình,Associate Professor,PGS. TS. (Cán bộ kiêm nhiệm),https://www.fit.uet.vnu.edu.vn/giang-vien/,2026-09-30
VNU-UET,Nguyễn Cảnh Hoàng,Lecturer with PhD,TS. (Cán bộ kiêm nhiệm),https://www.fit.uet.vnu.edu.vn/giang-vien/,2026-09-30
VNU-UET,Hồ Sĩ Đàm,Associate Professor,PGS. TS. (Cán bộ kiêm nhiệm),https://www.fit.uet.vnu.edu.vn/giang-vien/,2026-09-30
VNU-UET,Đào Kiến Quốc,Below PhD,ThS. (Cán bộ kiêm nhiệm),https://www.fit.uet.vnu.edu.vn/giang-vien/,2026-09-30
VNU-UET,Nguyễn Nam Hải,Below PhD,ThS. (Cán bộ kiêm nhiệm),https://www.fit.uet.vnu.edu.vn/giang-vien/,2026-09-30
VNU-UET,Nguyễn Tuệ,Lecturer with PhD,TS. (Cán bộ kiêm nhiệm),https://www.fit.uet.vnu.edu.vn/giang-vien/,2026-09-30
VNU-UET,Đặng Hữu Thịnh,Lecturer with PhD,TS. (Cán bộ kiêm nhiệm),https://www.fit.uet.vnu.edu.vn/giang-vien/,2026-09-30
VNU-UET,Nguyễn Đình Việt,Associate Professor,PGS. TS. (Cán bộ kiêm nhiệm),https://www.fit.uet.vnu.edu.vn/giang-vien/,2026-09-30
VNU-UET,Nguyễn Văn Vỵ,Associate Professor,PGS. TS. (Cán bộ kiêm nhiệm),https://www.fit.uet.vnu.edu.vn/giang-vien/,2026-09-30
VNU-UET,Lê Minh Khanh,Associate Professor,PGS. TS. (Cán bộ kiêm nhiệm),https://www.fit.uet.vnu.edu.vn/giang-vien/,2026-09-30
VNU-UET,Đỗ Trung Tuấn,Associate Professor,PGS. TS. (Cán bộ kiêm nhiệm),https://www.fit.uet.vnu.edu.vn/giang-vien/,2026-09-30
VNU-UET,Đinh Mạnh Tường,Associate Professor,PGS. TS. (Cán bộ kiêm nhiệm),https://www.fit.uet.vnu.edu.vn/giang-vien/,2026-09-30
VNU-UET,Hà Quang Thụy,Associate Professor,PGS.TS. (Cán bộ kiêm nhiệm),https://www.fit.uet.vnu.edu.vn/giang-vien/,2026-09-30
VNU-UET,Lê Phê Đô,Lecturer with PhD,TS. (Cán bộ kiêm nhiệm),https://www.fit.uet.vnu.edu.vn/giang-vien/,2026-09-30
VNU-UET,Nguyễn Quang Vinh,Below PhD,ThS. (Cán bộ kiêm nhiệm),https://www.fit.uet.vnu.edu.vn/giang-vien/,2026-09-30
VNU-UET,Nguyễn Văn Trung,Lecturer with PhD,TS. (Cán bộ kiêm nhiệm),https://www.fit.uet.vnu.edu.vn/giang-vien/,2026-09-30
HCMUT,Truong Tuan Anh,Lecturer with PhD,Dr.,https://cse.hcmut.edu.vn/en/bo-mon-cong-nghe-phan-mem,2026-09-30
HCMUT,Quan Thanh Tho,Associate Professor,Assoc. Prof. Dr.,https://cse.hcmut.edu.vn/en/bo-mon-cong-nghe-phan-mem,2026-09-30
HCMUT,Le Dinh Thuan,Below PhD,MEng.,https://cse.hcmut.edu.vn/en/bo-mon-cong-nghe-phan-mem,2026-09-30
HCMUT,Nguuyen Cao Tri,Below PhD,MEng.,https://cse.hcmut.edu.vn/en/bo-mon-cong-nghe-phan-mem,2026-09-30
HCMUT,Truong Thi Thai Minh,Lecturer with PhD,Dr.,https://cse.hcmut.edu.vn/en/bo-mon-cong-nghe-phan-mem,2026-09-30
HCMUT,Nguyen Minh Tam,Below PhD,BEng.,https://cse.hcmut.edu.vn/en/bo-mon-cong-nghe-phan-mem,2026-09-30
HCMUT,Phan Trung Hieu,Below PhD,MEng.,https://cse.hcmut.edu.vn/en/bo-mon-cong-nghe-phan-mem,2026-09-30
HCMUT,Bui Hoai Thang,Associate Professor,Assoc. Prof. Dr.,https://cse.hcmut.edu.vn/en/bo-mon-cong-nghe-phan-mem,2026-09-30
HCMUT,Tran Truong Tuan Phat,Below PhD,MEng.,https://cse.hcmut.edu.vn/en/bo-mon-cong-nghe-phan-mem,2026-09-30
HCMUT,Nguyen Thanh Cong,Lecturer with PhD,Dr.,https://cse.hcmut.edu.vn/en/bo-mon-cong-nghe-phan-mem,2026-09-30
HCMUT,Mai Duc Trung,Below PhD,MEng.,https://cse.hcmut.edu.vn/en/bo-mon-cong-nghe-phan-mem,2026-09-30
HCMUT,Vo Thi Ngoc Chau,Associate Professor,Assoc. Prof. Dr.,https://cse.hcmut.edu.vn/en/bo-mon-he-thong-thong-tin,2026-09-30
HCMUT,Truong Quynh Chi,Below PhD,MEng.,https://cse.hcmut.edu.vn/en/bo-mon-he-thong-thong-tin,2026-09-30
HCMUT,Tran Thi Que Nguyet,Below PhD,MEng.,https://cse.hcmut.edu.vn/en/bo-mon-he-thong-thong-tin,2026-09-30
HCMUT,Tran Minh Quang,Associate Professor,Assoc. Prof. Dr.,https://cse.hcmut.edu.vn/en/bo-mon-he-thong-thong-tin,2026-09-30
HCMUT,Nguyen Thanh Tung,Below PhD,MEng.,https://cse.hcmut.edu.vn/en/bo-mon-he-thong-thong-tin,2026-09-30
HCMUT,Nguyen Thi Ai Thao,Lecturer with PhD,Dr.,https://cse.hcmut.edu.vn/en/bo-mon-he-thong-thong-tin,2026-09-30
HCMUT,Phan Trong Nhan,Lecturer with PhD,Dr.,https://cse.hcmut.edu.vn/en/bo-mon-he-thong-thong-tin,2026-09-30
HCMUT,Le Thi Bao Thu,Below PhD,MEng.,https://cse.hcmut.edu.vn/en/bo-mon-he-thong-thong-tin,2026-09-30
HCMUT,Nguyen Quang Hung,Lecturer with PhD,Dr.,https://cse.hcmut.edu.vn/en/bo-mon-he-thong-va-mang-may-tinh,2026-09-30
HCMUT,Nguyen Cao Đat,Below PhD,MEng.,https://cse.hcmut.edu.vn/en/bo-mon-he-thong-va-mang-may-tinh,2026-09-30
HCMUT,Nguyen Phuong Duy,Below PhD,MEng.,https://cse.hcmut.edu.vn/en/bo-mon-he-thong-va-mang-may-tinh,2026-09-30
HCMUT,Nguyen Huu Hieu,Below PhD,MEng.,https://cse.hcmut.edu.vn/en/bo-mon-he-thong-va-mang-may-tinh,2026-09-30
HCMUT,Nguyen Duc Thai,Lecturer with PhD,Dr.,https://cse.hcmut.edu.vn/en/bo-mon-he-thong-va-mang-may-tinh,2026-09-30
HCMUT,Le Thanh Van,Lecturer with PhD,Dr.,https://cse.hcmut.edu.vn/en/bo-mon-he-thong-va-mang-may-tinh,2026-09-30
HCMUT,Nguyen Le Duy Lai,Lecturer with PhD,Dr.,https://cse.hcmut.edu.vn/en/bo-mon-he-thong-va-mang-may-tinh,2026-09-30
HCMUT,Pham Tran Vu,Associate Professor,Assoc. Prof. Dr.,https://cse.hcmut.edu.vn/en/bo-mon-he-thong-va-mang-may-tinh,2026-09-30
HCMUT,Hoang Le Hai Thanh,Below PhD,MEng.,https://cse.hcmut.edu.vn/en/bo-mon-he-thong-va-mang-may-tinh,2026-09-30
HCMUT,Diep Thanh Dang,Lecturer with PhD,Dr.,https://cse.hcmut.edu.vn/en/bo-mon-he-thong-va-mang-may-tinh,2026-09-30
HCMUT,Thoai Nam,Associate Professor,Assoc. Prof. Dr.,https://cse.hcmut.edu.vn/en/bo-mon-he-thong-va-mang-may-tinh,2026-09-30
HCMUT,Tran Van Hoai,Associate Professor,Assoc. Prof. Dr.,https://cse.hcmut.edu.vn/en/bo-mon-he-thong-va-mang-may-tinh,2026-09-30
HCMUT,Nguyen Manh Thin,Below PhD,MEng.,https://cse.hcmut.edu.vn/en/bo-mon-he-thong-va-mang-may-tinh,2026-09-30
HCMUT,Bui Xuan Giang,Below PhD,MEng.,https://cse.hcmut.edu.vn/en/bo-mon-he-thong-va-mang-may-tinh,2026-09-30
HCMUT,Tran Tuan Anh,Lecturer with PhD,Dr.,https://cse.hcmut.edu.vn/en/bo-mon-khoa-hoc-may-tinh,2026-09-30
HCMUT,Tran Ngoc Bao Duy,Below PhD,MEng.,https://cse.hcmut.edu.vn/en/bo-mon-khoa-hoc-may-tinh,2026-09-30
HCMUT,Vo Thanh Hung,Below PhD,MEng.,https://cse.hcmut.edu.vn/en/bo-mon-khoa-hoc-may-tinh,2026-09-30
HCMUT,Tran Huy,Below PhD,MEng.,https://cse.hcmut.edu.vn/en/bo-mon-khoa-hoc-may-tinh,2026-09-30
HCMUT,Nguyen An Khuong,Lecturer with PhD,Dr.,https://cse.hcmut.edu.vn/en/bo-mon-khoa-hoc-may-tinh,2026-09-30
HCMUT,Nguyen Hua Phung,Lecturer with PhD,Dr.,https://cse.hcmut.edu.vn/en/bo-mon-khoa-hoc-may-tinh,2026-09-30
HCMUT,Le Thanh Sach,Lecturer with PhD,Dr.,https://cse.hcmut.edu.vn/en/bo-mon-khoa-hoc-may-tinh,2026-09-30
HCMUT,Tran Giang Son,Below PhD,MEng.,https://cse.hcmut.edu.vn/en/bo-mon-khoa-hoc-may-tinh,2026-09-30
HCMUT,Tran Hong Tai,Below PhD,MEng.,https://cse.hcmut.edu.vn/en/bo-mon-khoa-hoc-may-tinh,2026-09-30
HCMUT,Vuong Ba Thinh,Below PhD,MEng.,https://cse.hcmut.edu.vn/en/bo-mon-khoa-hoc-may-tinh,2026-09-30
HCMUT,Luong Minh Hien,Below PhD,BEng.,https://cse.hcmut.edu.vn/en/bo-mon-khoa-hoc-may-tinh,2026-09-30
HCMUT,Vu Van Tien,Below PhD,MEng.,https://cse.hcmut.edu.vn/en/bo-mon-khoa-hoc-may-tinh,2026-09-30
HCMUT,Le Binh Dang,Below PhD,BEng.,https://cse.hcmut.edu.vn/en/bo-mon-khoa-hoc-may-tinh,2026-09-30
HCMUT,Tran Nguyen Minh Duy,Below PhD,BEng.,https://cse.hcmut.edu.vn/en/bo-mon-khoa-hoc-may-tinh,2026-09-30
HCMUT,Mai Xuan Toan,Below PhD,MEng.,https://cse.hcmut.edu.vn/en/bo-mon-khoa-hoc-may-tinh,2026-09-30
HCMUT,Thi Khac Quan,Below PhD,BEng.,https://cse.hcmut.edu.vn/en/bo-mon-khoa-hoc-may-tinh,2026-09-30
HCMUT,Nguyen Quoc Minh,Lecturer with PhD,Dr.,https://cse.hcmut.edu.vn/en/bo-mon-khoa-hoc-may-tinh,2026-09-30
HCMUT,Duong Duc Tin,Below PhD,MEng.,https://cse.hcmut.edu.vn/en/bo-mon-khoa-hoc-may-tinh,2026-09-30
HCMUT,Nguyen Duc Dung,Lecturer with PhD,Dr.,https://cse.hcmut.edu.vn/en/bo-mon-khoa-hoc-may-tinh,2026-09-30
HCMUT,Le Hong Trang,Associate Professor,Assoc. Prof. Dr.,https://cse.hcmut.edu.vn/en/bo-mon-khoa-hoc-may-tinh,2026-09-30
HCMUT,Pham Hoang Anh,Lecturer with PhD,Dr.,https://cse.hcmut.edu.vn/en/bo-mon-ky-thuat-may-tinh,2026-09-30
HCMUT,Pham Quoc Cuong,Associate Professor,Assoc. Prof. Dr.,https://cse.hcmut.edu.vn/en/bo-mon-ky-thuat-may-tinh,2026-09-30
HCMUT,Tran Ngoc Thinh,Associate Professor,Assoc. Prof. Dr.,https://cse.hcmut.edu.vn/en/bo-mon-ky-thuat-may-tinh,2026-09-30
HCMUT,Ton Huynh Long,Below PhD,BEng.,https://cse.hcmut.edu.vn/en/bo-mon-ky-thuat-may-tinh,2026-09-30
HCMUT,Vo Tuan Binh,Lecturer with PhD,Dr.,https://cse.hcmut.edu.vn/en/bo-mon-ky-thuat-may-tinh,2026-09-30
HCMUT,Pham Nhat Kieu Anh,Below PhD,MEng.,https://cse.hcmut.edu.vn/en/bo-mon-ky-thuat-may-tinh,2026-09-30
HCMUT,Nguyen Thanh Loc,Below PhD,BEng.,https://cse.hcmut.edu.vn/en/bo-mon-ky-thuat-may-tinh,2026-09-30
HCMUT,Le Trong Nhan,Lecturer with PhD,Dr.,https://cse.hcmut.edu.vn/en/bo-mon-ky-thuat-may-tinh,2026-09-30
HCMUT,Phan Đinh The Duy,Below PhD,MEng.,https://cse.hcmut.edu.vn/en/bo-mon-ky-thuat-may-tinh,2026-09-30
HCMUT,Pham Cong Thai,Below PhD,MEng.,https://cse.hcmut.edu.vn/en/bo-mon-ky-thuat-may-tinh,2026-09-30
HUST,Do Tuan Anh,Lecturer with PhD,PH.D.,https://soict.hust.edu.vn/en/officer,2026-09-30
HUST,Ngo Van Linh,Lecturer with PhD,PhD.,https://soict.hust.edu.vn/en/officer,2026-09-30
HUST,Nguyen Van Hien,Lecturer with PhD,PhD.,https://soict.hust.edu.vn/en/officer,2026-09-30
HUST,Duong Quang Huy,Lecturer with PhD,PH.D.,https://soict.hust.edu.vn/en/officer,2026-09-30
HUST,Le Thu Giang,Below PhD,MBA.,https://soict.hust.edu.vn/en/officer,2026-09-30
HUST,Truong Thi Van Thu,Below PhD,MBA.,https://soict.hust.edu.vn/en/officer,2026-09-30
HUST,Dam Manh Dat,Below PhD,M.Eng.,https://soict.hust.edu.vn/en/officer,2026-09-30
