kind,key,approved,image_url,source_page,note
venue,iclr,yes,https://iclr.cc/static/core/img/ICLR-logo.svg,https://iclr.cc/,checked by eye on 2026-10-02: img; alt: ICLR logo
venue,neurips,yes,https://neurips.cc/static/core/img/NeurIPS-logo.svg,https://neurips.cc/,checked by eye on 2026-10-02: img; alt: NeurIPS logo
venue,icml,yes,https://icml.cc/static/core/img/ICML-logo.svg,https://icml.cc/,checked by eye on 2026-10-02: img; alt: ICML logo
venue,cvpr,yes,https://cvpr.thecvf.com/static/core/img/cvpr-navbar-logo.svg,https://cvpr.thecvf.com/,checked by eye on 2026-10-02: img; alt: conference_logo
venue,acl,yes,https://upload.wikimedia.org/wikipedia/commons/7/72/Association_for_Computational_Linguistics_logo.svg?utm_source=en.wikipedia.org&utm_campaign=api&utm_content=original,https://en.wikipedia.org/wiki/Association%20for%20Computational%20Linguistics,checked by eye on 2026-10-02: Wikipedia page image
institution,hcmus,yes,https://upload.wikimedia.org/wikipedia/commons/c/c9/LogoKHTNnew.png?utm_source=en.wikipedia.org&utm_campaign=api&utm_content=original,https://en.wikipedia.org/wiki/Ho%20Chi%20Minh%20City%20University%20of%20Science,checked by eye on 2026-10-02: Wikipedia page image
institution,rmit,yes,https://upload.wikimedia.org/wikipedia/commons/5/51/RMIT_University_Logo.svg?utm_source=en.wikipedia.org&utm_campaign=api&utm_content=original,https://en.wikipedia.org/wiki/Royal%20Melbourne%20Institute%20of%20Technology%20Vietnam,checked by eye on 2026-10-02: Wikipedia page image
institution,ueh,yes,https://upload.wikimedia.org/wikipedia/commons/7/71/Logo_UEH_xanh.png?utm_source=en.wikipedia.org&utm_campaign=api&utm_content=original,https://en.wikipedia.org/wiki/University%20of%20Economics%20Ho%20Chi%20Minh%20City,checked by eye on 2026-10-02: Wikipedia page image
institution,hcmut,yes,https://upload.wikimedia.org/wikipedia/commons/f/f0/HCMCUT.svg?utm_source=en.wikipedia.org&utm_campaign=api&utm_content=original,https://en.wikipedia.org/wiki/Ho%20Chi%20Minh%20City%20University%20of%20Technology,checked by eye on 2026-10-02: Wikipedia page image
institution,hust,yes,https://upload.wikimedia.org/wikipedia/vi/e/ef/Logo_%C4%90%E1%BA%A1i_h%E1%BB%8Dc_B%C3%A1ch_Khoa_H%C3%A0_N%E1%BB%99i.svg?utm_source=vi.wikipedia.org&utm_campaign=imageinfo&utm_content=original,https://vi.wikipedia.org/wiki/T%E1%BA%ADp_tin:Logo_%C4%90%E1%BA%A1i_h%E1%BB%8Dc_B%C3%A1ch_Khoa_H%C3%A0_N%E1%BB%99i.svg,checked by eye on 2026-10-02: Wikipedia logo file
institution,vinuni,yes,https://upload.wikimedia.org/wikipedia/en/7/7a/VinUniversity_Logo.png?utm_source=en.wikipedia.org&utm_campaign=imageinfo&utm_content=original,https://en.wikipedia.org/wiki/File:VinUniversity_Logo.png,checked by eye on 2026-10-02: Wikipedia logo file
institution,ptit,yes,https://upload.wikimedia.org/wikipedia/commons/1/13/Logo_PTIT_University.png?utm_source=vi.wikipedia.org&utm_campaign=imageinfo&utm_content=original,https://commons.wikimedia.org/wiki/File:Logo_PTIT_University.png,checked by eye on 2026-10-02: Wikipedia logo file
institution,vnu-uet,yes,https://upload.wikimedia.org/wikipedia/vi/b/bf/Logo_HUET.svg?utm_source=vi.wikipedia.org&utm_campaign=imageinfo&utm_content=original,https://vi.wikipedia.org/wiki/T%E1%BA%ADp_tin:Logo_HUET.svg,checked by eye on 2026-10-02: Wikipedia logo file
institution,vast,yes,https://upload.wikimedia.org/wikipedia/vi/3/3a/Logo_Vi%E1%BB%87n_KH%26CN_Vi%E1%BB%87t_Nam.JPG?utm_source=vi.wikipedia.org&utm_campaign=imageinfo&utm_content=original,https://vi.wikipedia.org/wiki/T%E1%BA%ADp_tin:Logo_Vi%E1%BB%87n_KH%26CN_Vi%E1%BB%87t_Nam.JPG,checked by eye on 2026-10-02: Wikipedia logo file
institution,hcmiu,yes,https://upload.wikimedia.org/wikipedia/vi/2/29/Logo-HCMIU.svg?utm_source=vi.wikipedia.org&utm_campaign=imageinfo&utm_content=original,https://vi.wikipedia.org/wiki/T%E1%BA%ADp_tin:Logo-HCMIU.svg,checked by eye on 2026-10-02: Wikipedia logo file
institution,ctu,yes,https://upload.wikimedia.org/wikipedia/vi/6/6c/Logo_Dai_hoc_Can_Tho.svg?utm_source=vi.wikipedia.org&utm_campaign=imageinfo&utm_content=original,https://vi.wikipedia.org/wiki/T%E1%BA%ADp_tin:Logo_Dai_hoc_Can_Tho.svg,checked by eye on 2026-10-02: Wikipedia logo file
institution,fptu,yes,https://upload.wikimedia.org/wikipedia/vi/2/2d/Logo_Tr%C6%B0%E1%BB%9Dng_%C4%90%E1%BA%A1i_h%E1%BB%8Dc_FPT.svg?utm_source=vi.wikipedia.org&utm_campaign=imageinfo&utm_content=original,https://vi.wikipedia.org/wiki/T%E1%BA%ADp_tin:Logo_Tr%C6%B0%E1%BB%9Dng_%C4%90%E1%BA%A1i_h%E1%BB%8Dc_FPT.svg,checked by eye on 2026-10-02: Wikipedia logo file
institution,ftu,yes,https://upload.wikimedia.org/wikipedia/vi/4/47/FTU_logo_2020.svg?utm_source=vi.wikipedia.org&utm_campaign=imageinfo&utm_content=original,https://vi.wikipedia.org/wiki/T%E1%BA%ADp_tin:FTU_logo_2020.svg,checked by eye on 2026-10-02: Wikipedia logo file
institution,udn,yes,https://upload.wikimedia.org/wikipedia/vi/f/f4/Logo_%C4%90%E1%BA%A1i_h%E1%BB%8Dc_%C4%90%C3%A0_N%E1%BA%B5ng.svg?utm_source=vi.wikipedia.org&utm_campaign=imageinfo&utm_content=original,https://vi.wikipedia.org/wiki/T%E1%BA%ADp_tin:Logo_%C4%90%E1%BA%A1i_h%E1%BB%8Dc_%C4%90%C3%A0_N%E1%BA%B5ng.svg,checked by eye on 2026-10-02: Wikipedia logo file
institution,uit,yes,https://upload.wikimedia.org/wikipedia/commons/0/00/Logo_UIT_updated.svg?utm_source=vi.wikipedia.org&utm_campaign=imageinfo&utm_content=original,https://commons.wikimedia.org/wiki/File:Logo_UIT_updated.svg,checked by eye on 2026-10-02: Wikipedia logo file
institution,buv,yes,https://elegant-festival-ee8c9e0b43.media.strapiapp.com/buv_logo_d2192b288a.svg?v=1790295546,https://www.buv.edu.vn/,checked by eye on 2026-10-02: logo on the university's site
institution,qnu,yes,https://qnu.edu.vn/Resources/imagesPortlet/fd73a325-7e75-462e-9828-819e9b9b9aa9/logo-for-web.png,https://qnu.edu.vn/,checked by eye on 2026-10-02: logo on the university's site
institution,hmu,yes,https://upload.wikimedia.org/wikipedia/commons/7/79/Yhanoi.jpg?utm_source=vi.wikipedia.org&utm_campaign=api&utm_content=original,https://vi.wikipedia.org/wiki/Tr%C6%B0%E1%BB%9Dng%20%C4%90%E1%BA%A1i%20h%E1%BB%8Dc%20Y%20H%C3%A0%20N%E1%BB%99i,checked by eye on 2026-10-02: Wikipedia page image
person,than-quang-khoat,yes,https://soict.hust.edu.vn/en/wp-content/uploads/2018/01/DHP_5171.jpg,https://soict.hust.edu.vn/en/assoc-prof-than-quang-khoat.html,checked by eye on 2026-10-02: preview image; alt: 
person,phi-le-nguyen,yes,https://soict.hust.edu.vn/en/wp-content/uploads/lenp2025.jpeg,https://soict.hust.edu.vn/en/ph-d-nguyen-phi-le.html,checked by eye on 2026-10-02: preview image; alt: 
person,huynh-thi-thanh-binh,yes,https://users.soict.hust.edu.vn/binhht/images/HuynhThiThanhBinh6.jpg,https://users.soict.hust.edu.vn/binhht/,checked by eye on 2026-10-02: img; alt: Huynh Thi Thanh Binh
person,ngo-van-linh,yes,https://users.soict.hust.edu.vn/linhnv/cv_files/LinhVN.jpg,https://users.soict.hust.edu.vn/linhnv/,checked by eye on 2026-10-02: img; alt: Ngo Van Linh
person,tuan-dam,yes,https://soict.hust.edu.vn/en/wp-content/uploads/Dam-Quang-Tuan-Photo-EDIT.jpg,https://soict.hust.edu.vn/en/ph-d-dam-quang-tuan.html,checked by eye on 2026-10-02: preview image; alt: 
person,hoang-ta,yes,https://soict.hust.edu.vn/en/wp-content/uploads/taduyhoang.jpg,https://soict.hust.edu.vn/en/ph-d-ta-duy-hoang.html,checked by eye on 2026-10-02: preview image; alt: 
person,hieu-pham,yes,https://huyhieupham.github.io/images/HieuPham25_Resize.png,https://huyhieupham.github.io/,checked by eye on 2026-10-02: img; alt: 
person,dung-d-le,yes,https://andrew-dungle.github.io/images/andrew.jpg,https://andrew-dungle.github.io/,checked by eye on 2026-10-02: img; alt: Portrait of Le Duy Dung
person,khoa-d-doan,yes,https://mail-research.com/assets/img/team/khoa-d-doan-2.jpg,https://mail-research.com/,checked by eye on 2026-10-02: img; alt: 
person,binh-t-nguyen,yes,https://vinuni.edu.vn/wp-content/uploads/2025/07/Nguyen-Tuan-Binh-1.jpg,https://vinuni.edu.vn/people/nguyen-tuan-binh/,checked by eye on 2026-10-02: preview image; alt: 
person,cuong-viet-ta,yes,https://uet.vnu.edu.vn/~cuongtv/images/profile.png,https://uet.vnu.edu.vn/~cuongtv/,checked by eye on 2026-10-02: img; alt: Viet Cuong Ta
person,minh-do,yes,https://vinuni.edu.vn/wp-content/uploads/2020/07/Prof.-Minh-Do-e1787191963921.png,https://vinuni.edu.vn/people/minh-do/,checked by eye on 2026-10-02: preview image; alt: 
person,an-thai-le,yes,https://vinuni.edu.vn/wp-content/uploads/2025/09/Profile-pic-3-2.png,https://vinuni.edu.vn/people/le-thai-an/,checked by eye on 2026-10-02: preview image; alt: 
person,duc-trong-le,yes,https://lh7-us.googleusercontent.com/sitesv-images-rt/AMxu72uClIQS5D7s9M0R1AuSexRQB4opo8XlF4yN6SIQ3OGgSmyKohCfSKGquw5ct_MGWR14gRFJwQ_U1GJesXWead6ftHdieQG6NKNQ9OW1GfvDS1Kld7V3T4F3mFegp-XVabSecEFFhO66BP-NCawdSoJmjLqf3lWXhLamzZnb-CM5cDqTHnGQhgFR9E1EXst-bG9BDEdwwI-jF1dbEbxqUmaLrT0xAY8zsCjrsMcK=w1280,https://www.trongld.com/,checked by eye on 2026-10-02: preview image; alt: 
person,ngoc-nam-pham,yes,https://vinuni.edu.vn/wp-content/uploads/2020/06/Thiet-ke-chua-co-ten-25.png,https://vinuni.edu.vn/people/pham-ngoc-nam-2/,checked by eye on 2026-10-02: preview image; alt: 
person,thanh-trung-huynh,yes,https://vinuni.edu.vn/wp-content/uploads/2025/09/Profile-pic-3-1.png,https://vinuni.edu.vn/people/huynh-thanh-trung/,checked by eye on 2026-10-02: preview image; alt: 
person,thanh-binh-nguyen,yes,https://sites.google.com/sitesv-images-rt/AMxu72vjsHjF6DRFebmx4tz5uqqHD1hqJ9zRFdCfU1fewqrCVsBEgj_aoFLknpArV_SR5dVOhvCM-KoWveSjoiyDqC1GN6h98UzwLNh232Fw5GEulONll9HGTtjWBabnYCilvXqTORdl5u356IaeMA_supg_qTgarRAullPUO8F3jTYXjAYPQDM9yaCowKCTbVGJ4fTObzgTFVLf9RfOSjo=w1280,https://sites.google.com/site/ntbinhpolytechnique/,checked by eye on 2026-10-02: preview image; alt: 
person,dinh-cuong-hoang,yes,https://hoangcuongbk80.github.io/images/hoangcuong.png,https://hoangcuongbk80.github.io/,checked by eye on 2026-10-02: img; alt: 
person,doanh-cao-bui,yes,https://caodoanh2001.github.io/assets/img/doanh.png,https://caodoanh2001.github.io/,checked by eye on 2026-10-02: img; alt: doanh.png
person,hong-t-m-chu,yes,https://hongtmchu.github.io/profile.jpg,https://hongtmchu.github.io/,checked by eye on 2026-10-02: preview image; alt: 
person,minh-n-h-nguyen,yes,https://nhatminh.github.io/images/profile.png,https://nhatminh.github.io/,checked by eye on 2026-10-02: img; alt: Nguyen Huu Nhat Minh
person,minh-tran,yes,https://minhtcai.github.io/assets/minh-O2_cSwqp.webp,https://minhtcai.github.io/,checked by eye on 2026-10-02: preview image; alt: 
person,dinh-viet-sang,yes,https://users.soict.hust.edu.vn/sangdv/Style/sangdv1.jpg,https://users.soict.hust.edu.vn/sangdv/,checked by eye on 2026-10-02: img; alt: Dinh Viet Sang
institution,phenikaa,yes,https://play-lh.googleusercontent.com/UHp5DrvtwfGu2o844KfnU3Q72uMw5RcuHa33fPLEmBQ_a92biz_n2FIQ2Ci5EKetNCdK3gTWQYKcxaDw26tT=s0-br30,https://play.google.com/store/apps/details?id=vn.busmap.phenikaauniversity,"checked by eye on 2026-10-02: Phenikaa University logo, the icon of its official app (from the Google Play page of the app)"
person,bui-trong-duc,yes,https://scholar.googleusercontent.com/citations?view_op=medium_photo&user=rwU1aEcAAAAJ&citpid=1,https://scholar.google.com/citations?user=rwU1aEcAAAAJ,checked by eye on 2026-10-02: Google Scholar profile picture
person,canh-v-pham,yes,https://scholar.googleusercontent.com/citations?view_op=medium_photo&user=0qcPPmMAAAAJ&citpid=13,https://scholar.google.com/citations?user=0qcPPmMAAAAJ,checked by eye on 2026-10-02: Google Scholar profile picture
person,cong-tinh-dao,yes,https://scholar.googleusercontent.com/citations?view_op=medium_photo&user=oWnVEfoAAAAJ&citpid=9,https://scholar.google.com/citations?user=oWnVEfoAAAAJ,checked by eye on 2026-10-02: Google Scholar profile picture
person,danh-le-phuoc,yes,https://scholar.googleusercontent.com/citations?view_op=medium_photo&user=7-k4HCoAAAAJ&citpid=4,https://scholar.google.com/citations?user=7-k4HCoAAAAJ,checked by eye on 2026-10-02: Google Scholar profile picture
person,hoa-tien-nguyen,yes,https://scholar.googleusercontent.com/citations?view_op=medium_photo&user=B7sDxxIAAAAJ&citpid=16,https://scholar.google.com/citations?user=B7sDxxIAAAAJ,checked by eye on 2026-10-02: Google Scholar profile picture
person,minh-triet-tran,yes,https://scholar.googleusercontent.com/citations?view_op=medium_photo&user=lt2ATkkAAAAJ&citpid=3,https://scholar.google.com/citations?user=lt2ATkkAAAAJ,checked by eye on 2026-10-02: Google Scholar profile picture
person,minhhuy-le,yes,https://scholar.googleusercontent.com/citations?view_op=medium_photo&user=sUACy8cAAAAJ&citpid=2,https://scholar.google.com/citations?user=sUACy8cAAAAJ,checked by eye on 2026-10-02: Google Scholar profile picture
person,ngoc-hoang-luong,yes,https://scholar.googleusercontent.com/citations?view_op=medium_photo&user=p3vHDZYAAAAJ&citpid=6,https://scholar.google.com/citations?user=p3vHDZYAAAAJ,checked by eye on 2026-10-02: Google Scholar profile picture
person,nguyen-thi-hanh,yes,https://scholar.googleusercontent.com/citations?view_op=medium_photo&user=vha5XAMAAAAJ&citpid=1,https://scholar.google.com/citations?user=vha5XAMAAAAJ,checked by eye on 2026-10-02: Google Scholar profile picture
person,quan-minh-phan,yes,https://scholar.googleusercontent.com/citations?view_op=medium_photo&user=ArapukEfR6AC&citpid=5,https://scholar.google.com/citations?user=ArapukEfR6AC,checked by eye on 2026-10-02: Google Scholar profile picture
person,quang-vinh-dang,yes,https://scholar.googleusercontent.com/citations?view_op=medium_photo&user=oLXKzkQAAAAJ&citpid=6,https://scholar.google.com/citations?user=oLXKzkQAAAAJ,checked by eye on 2026-10-02: Google Scholar profile picture
person,son-ha-xuan,yes,https://scholar.googleusercontent.com/citations?view_op=medium_photo&user=2Ysvz_QAAAAJ&citpid=3,https://scholar.google.com/citations?user=2Ysvz_QAAAAJ,checked by eye on 2026-10-02: Google Scholar profile picture
person,son-van-nguyen,yes,https://scholar.googleusercontent.com/citations?view_op=medium_photo&user=XYGD5BEAAAAJ&citpid=2,https://scholar.google.com/citations?user=XYGD5BEAAAAJ,checked by eye on 2026-10-02: Google Scholar profile picture
person,thao-nguyen-minh-phan,yes,https://scholar.googleusercontent.com/citations?view_op=medium_photo&user=-ykYxjecE_oC&citpid=16,https://scholar.google.com/citations?user=-ykYxjecE_oC,checked by eye on 2026-10-02: Google Scholar profile picture
person,thinh-pham,yes,https://scholar.googleusercontent.com/citations?view_op=medium_photo&user=hrGEgUUAAAAJ&citpid=5,https://scholar.google.com/citations?user=hrGEgUUAAAAJ,checked by eye on 2026-10-02: Google Scholar profile picture
person,van-duc-nguyen,yes,https://scholar.googleusercontent.com/citations?view_op=medium_photo&user=tLY0LZ8AAAAJ&citpid=3,https://scholar.google.com/citations?user=tLY0LZ8AAAAJ,checked by eye on 2026-10-02: Google Scholar profile picture
person,nghia-duong-tan,yes,https://scholar.googleusercontent.com/citations?view_op=medium_photo&user=0pCiJzEAAAAJ&citpid=1,https://scholar.google.com/citations?user=0pCiJzEAAAAJ,checked by eye on 2026-10-03: Google Scholar profile picture
person,trinh-van-chien,yes,https://scholar.googleusercontent.com/citations?view_op=medium_photo&user=F4PCYOcAAAAJ&citpid=8,https://scholar.google.com/citations?user=F4PCYOcAAAAJ,checked by eye on 2026-10-03: Google Scholar profile picture
institution,neu,yes,https://upload.wikimedia.org/wikipedia/vi/3/30/Logo-NEU.PNG,https://vi.wikipedia.org/wiki/%C4%90%E1%BA%A1i_h%E1%BB%8Dc_Kinh_t%E1%BA%BF_Qu%E1%BB%91c_d%C3%A2n,"checked by eye on 2026-10-03: Wikipedia logo, link given by the site maintainer"
person,nguyen-tu-uyen,yes,https://www.linkedin.com/in/tu-uyen-nguyen/,https://www.linkedin.com/in/tu-uyen-nguyen/,"checked by eye on 2026-10-03: LinkedIn profile picture, saved by the site maintainer and cropped to the portrait"
venue,iccv,yes,https://iccv.thecvf.com/static/core/img/ICCV-logo.svg,https://iccv.thecvf.com/,checked by eye on 2026-10-04: ICCV wordmark
venue,eccv,yes,https://eccv.ecva.net/static/core/img/ECCV-logo.svg,https://eccv.ecva.net/,checked by eye on 2026-10-04: ECCV 2026 logo
venue,emnlp,yes,https://2026.emnlp.org/assets/images/logos/emnlp_2026_logo_v1.png,https://2026.emnlp.org/,checked by eye on 2026-10-04: EMNLP 2026 logo
person,huynh-quyet-thang,yes,https://soict.hust.edu.vn/wp-content/uploads/2017/03/DHP_5197.jpg,https://soict.hust.edu.vn/psg-ts-huynh-quyet-thang.html,"checked by eye on 2026-10-04: staff profile photo (SoICT), given by the site maintainer"
person,cuong-pham,yes,https://sites.google.com/sitesv-images-rt/AMxu72sZJvApEaU1TsBDKHDMLKJcPL__1MAlAUaGWRUDQUgZ9X_b_B4PBCuUavMU_YE5jqZ5jOTMeniXDsBLsesHzX-wo1_gPFcCZWHMZnxfAsmo8ZZeExCtDp_o90ikOs68CTzSy7CV3sfBeV2vxLYK97dt99w2gyp_slnnATxbRodVNOQxI0ygwi-3wuj2qHyah0B36cIkz57TE7KpvDkRYiZ3WwgAQ33VkE4WftBj=w1280,https://sites.google.com/view/cuongpham/home,"checked by eye on 2026-10-04: the landscape photo on his page, cropped by hand to him, as the site maintainer asked"
person,uyen-n-b-vo,yes,https://ai.ptit.edu.vn/wp-content/uploads/sites/33/2025/06/uyen-1024x1024.jpg,https://ai.ptit.edu.vn/team/ths-vo-ngoc-bich-uyen/,"checked by eye on 2026-10-04: staff page photo (PTIT Faculty of AI), cropped to the face; given by the site maintainer"
person,cong-tran,yes,https://ai.ptit.edu.vn/wp-content/uploads/sites/33/2024/07/z5680482762009_de94224575b164994868f26e8b98ab8e.jpg,https://ai.ptit.edu.vn/team/ts-tran-tien-cong-2/,checked by eye on 2026-10-05: staff page photo (PTIT Faculty of AI)
person,tuan-do,yes,https://www.linkedin.com/in/tuan-do-n2tp/,https://www.linkedin.com/in/tuan-do-n2tp/,"checked by eye on 2026-10-05: LinkedIn profile picture, saved by the site maintainer"
