short,name,name_vi
HUST,Hanoi University of Science and Technology,Đại học Bách khoa Hà Nội
VinUni,VinUniversity,Trường Đại học VinUni
PTIT,Posts and Telecommunications Institute of Technology,Học viện Công nghệ Bưu chính Viễn thông
HCMUS,"University of Science, VNU-HCM","Trường Đại học Khoa học Tự nhiên, ĐHQG-HCM"
Phenikaa,Phenikaa University,Trường Đại học Phenikaa
RMIT,RMIT University Vietnam,Đại học RMIT Việt Nam
VNU-UET,VNU University of Engineering and Technology,"Trường Đại học Công nghệ, ĐHQGHN"
UEH,University of Economics Ho Chi Minh City,Đại học Kinh tế TP. Hồ Chí Minh
VAST,Vietnam Academy of Science and Technology,Viện Hàn lâm Khoa học và Công nghệ Việt Nam
HCMIU,"International University, VNU-HCM","Trường Đại học Quốc tế, ĐHQG-HCM"
NEU,National Economics University,Đại học Kinh tế Quốc dân
BUV,British University Vietnam,Trường Đại học Anh Quốc Việt Nam
CTU,Can Tho University,Đại học Cần Thơ
FPTU,FPT University,Trường Đại học FPT
FTU,Foreign Trade University,Trường Đại học Ngoại thương
HMU,Hanoi Medical University,Trường Đại học Y Hà Nội
HCMUT,"Ho Chi Minh City University of Technology, VNU-HCM","Trường Đại học Bách khoa, ĐHQG-HCM"
QNU,Quy Nhon University,Trường Đại học Quy Nhơn
UDN,University of Danang,Đại học Đà Nẵng
UIT,"University of Information Technology, VNU-HCM","Trường Đại học Công nghệ Thông tin, ĐHQG-HCM"
HaUI,Hanoi University of Industry,Đại học Công nghiệp Hà Nội
