approved,display_name,name_variants,institution,institution_short,rank,vn_since,openreview_ids,homepage,pages,to_confirm,notes,slug
yes,Than Quang Khoat,Khoat Than; Quang Khoat Than; Khoat Than Quang; Khoat Quang Than,Hanoi University of Science and Technology,HUST,Associate Professor,,~Khoat_Than1,https://users.soict.hust.edu.vn/khoattq/,https://users.soict.hust.edu.vn/khoattq/publication.htm; https://soict.hust.edu.vn/en/assoc-prof-than-quang-khoat.html,,PhD at JAIST in 2013; at HUST before 2020,
yes,Phi Le Nguyen,Nguyen Phi Le; Phi-Le Nguyen; Le Nguyen Phi,Hanoi University of Science and Technology,HUST,Associate Professor,,~Phi_Le_Nguyen2,https://soict.hust.edu.vn/en/ph-d-nguyen-phi-le.html,https://soict.hust.edu.vn/en/ph-d-nguyen-phi-le.html; https://ai4life.hust.edu.vn/lenp-2-2/,,Acting director of the AI4LIFE institute; at HUST before 2020,
yes,Huynh Thi Thanh Binh,Binh Huynh Thi Thanh; Thanh Binh Huynh Thi; Thi Thanh Binh Huynh; Binh Thi Thanh Huynh; Binh Huynh,Hanoi University of Science and Technology,HUST,Professor,,~Huynh_Thi_Thanh_Binh1,https://soict.hust.edu.vn/en/prof-huynh-thi-thanh-binh.html,https://soict.hust.edu.vn/en/prof-huynh-thi-thanh-binh.html,"rank: the SoICT staff list says Prof., the biography on her page says Associate Professor",Vice Dean of SoICT; at HUST before 2020; her page lists no paper at the five venues,
yes,Ngo Van Linh,Linh Ngo Van; Linh Ngo; Van Linh Ngo; Linh Van Ngo,Hanoi University of Science and Technology,HUST,Lecturer with PhD,2014,~Linh_Ngo_Van1;~Ngo_Van_Linh1,https://soict.hust.edu.vn/en/phd-ngo-van-linh.html,https://soict.hust.edu.vn/en/phd-ngo-van-linh.html,OpenReview IDs: two usernames found by a name search,"SoICT staff page, 2026-09-30: PhD. Ngo Van Linh, lecturer, PhD from HUST in 2023; lecturer at HUST since 2014",
yes,Tuan Dam,Tuan Quang Dam; Tuan Q. Dam; Dam Quang Tuan; Quang Tuan Dam,Hanoi University of Science and Technology,HUST,Lecturer,2024,~Tuan_Quang_Dam1,https://tuanquangdam.wordpress.com/,https://tuanquangdam.wordpress.com/news/; https://tuanquangdam.wordpress.com/about-me/; https://soict.hust.edu.vn/en/ph-d-dam-quang-tuan.html,,Joined HUST in October 2024 after a PhD at TU Darmstadt (2022),
yes,Hoang Ta,Ta Duy Hoang; Duy Hoang Ta; Hoang Duy Ta; Duy-Hoang Ta,Hanoi University of Science and Technology,HUST,Lecturer,2025,~Hoang_Ta2,https://sites.google.com/view/taduyhoang/home,https://sites.google.com/view/taduyhoang/publications; https://soict.hust.edu.vn/en/ph-d-ta-duy-hoang.html,,At NUS 2022-2025; PhD at ENS de Lyon (2022),
yes,Hieu Pham,Hieu H. Pham; Huy Hieu Pham; Pham Huy Hieu; Huy-Hieu Pham,VinUniversity,VinUni,Assistant Professor,2019,~Hieu_Pham6,https://huyhieupham.github.io/,https://huyhieupham.github.io/; https://vinuni.edu.vn/people/pham-huy-hieu-phd/,OpenReview ID: taken from a web search result,Vingroup Big Data Institute 2019-2021 then VinUniversity,
yes,Dung D. Le,Dung Duy Le; Le Duy Dung; Duy Dung Le; Dung Le,VinUniversity,VinUni,Assistant Professor,2021,~Dung_D._Le1;~Dung_D._Le2;~Dung_Duy_Le1,https://andrew-dungle.github.io/,https://andrew-dungle.github.io/; https://vinuni.edu.vn/people/le-duy-dung/,OpenReview IDs: three usernames found by a name search,Postdoc at Singapore Management University 2019-2021,
yes,Khoa D. Doan,Khoa D Doan; Khoa Doan; Doan Dang Khoa; Khoa Dang Doan; Dang Khoa Doan,VinUniversity,VinUni,Assistant Professor,2022,~Khoa_Doan1,https://khoadoan.me,https://mail-research.com/publications/; https://mail-research.com/,,Research Scientist at Baidu Research USA 2020-2022; at VinUniversity since 2022 (his CV),
yes,Binh T. Nguyen,Binh T Nguyen; Nguyen Tuan Binh; Tuan Binh Nguyen; Tuan-Binh Nguyen,VinUniversity,VinUni,Assistant Professor,2025,~Binh_Nguyen2,https://tbng.github.io/,https://tbng.github.io/; https://vinuni.edu.vn/people/nguyen-tuan-binh/,,"His page: Assistant Professor at VinUniversity CECS since summer 2025; NUS 2023-2025, Telecom Paris 2022, PhD 2021 (Orsay / INRIA). The co-authors of his 2026 papers are members of his lab, so the papers signed Binh T. Nguyen are his",
yes,Cuong Viet Ta,Ta Viet Cuong; Viet Cuong Ta; Cuong Ta Viet; Viet-Cuong Ta,VNU University of Engineering and Technology,VNU-UET,Lecturer with PhD,,~Cuong_Viet_TA1,https://uet.vnu.edu.vn/~cuongtv/,https://uet.vnu.edu.vn/~cuongtv/publications/,,"VNU-UET Faculty of IT staff page, 2026-09-30: TS. Ta Viet Cuong, Human-Machine Interaction lab; his publication page stops in 2021",
yes,Minh Do,Minh N. Do; Do Ngoc Minh; Ngoc Minh Do,VinUniversity,VinUni,Professor,,,https://vinuni.edu.vn/people/minh-do/,https://vinuni.edu.vn/people/minh-do/; https://minhdo.ece.illinois.edu/publications/,"main post: his OpenReview profile (~Minh_N._Do1) says Professor at UIUC since 2002 and Honorary Vice Provost at VinUniversity since 2020. The ID is left out of openreview_ids, so only papers that name VinUniversity are counted","VinUni page, 2026-09-30: Prof. Do Ngoc Minh, Dean of CECS and Chief Scientific Officer of the Smart Health Center",
yes,Quynh-Trang Pham Thi,Pham Thi Quynh Trang; Quynh Trang Pham Thi; Quynh Trang Pham; Trang Pham Thi Quynh,VNU University of Engineering and Technology,VNU-UET,Lecturer,,~Pham_Thi_Quynh_Trang1,,,"rank: her OpenReview profile says PhD student at VNU-UET since 2021, the staff page lists her as ThS.","VNU-UET Faculty of IT staff page, 2026-09-30: ThS. Pham Thi Quynh Trang, Knowledge Technology lab; no personal page found on 2026-09-30",
yes,An Thai Le,An T. Le; Le Thai An; Thai An Le,VinUniversity,VinUni,Assistant Professor,2025,~An_Thai_Le1,https://anindex.github.io/,https://anindex.github.io/; https://vinuni.edu.vn/people/le-thai-an/,,"His page: Assistant Professor at VinUniversity since 2025, also Visiting Professor at TU Darmstadt and Director of Foundation AI at VinRobotics; TU Darmstadt 2022-2025",
yes,Duc-Trong Le,Duc Trong Le; Le Duc Trong; Trong Duc Le; Trong Le Duc,VNU University of Engineering and Technology,VNU-UET,Assistant Professor,2019,~Duc-Trong_Le1,,,,"VNU-UET Faculty of IT staff page, 2026-09-30: TS. Le Duc Trong, head of the Computer Science department; no personal page found on 2026-09-30",
yes,Ngoc Nam Pham,Pham Ngoc Nam; Nam Ngoc Pham; Ngoc-Nam Pham,VinUniversity,VinUni,Associate Professor,,~Pham_Ngoc_Nam1,https://vinuni.edu.vn/people/pham-ngoc-nam-2/,https://vinuni.edu.vn/people/pham-ngoc-nam-2/,,"VinUni CECS staff page, 2026-09-30: Assoc. Prof. Pham Ngoc Nam, Vice Dean; his page lists no paper at the five venues",
yes,Nguyen Thi Hanh,Hanh Nguyen Thi; Thi Hanh Nguyen; Hanh Thi Nguyen,Phenikaa University,Phenikaa,Lecturer with PhD,,~Nguyen_Thi_Hanh1,,,"institution and rank: taken from a web search summary (lecturer at the Faculty of Interdisciplinary Digital Technology, Phenikaa University); vn_since",OpenReview ID taken from her profile address; co-author of Huynh Thi Thanh Binh; no personal page found on 2026-09-30,
yes,Tuan Do,Do Tuan,Phenikaa University,Phenikaa,Researcher,,~Tuan_Do3,,,rank and institution: from his OpenReview profile (Researcher at Phenikaa University since 2025); not checked against a Phenikaa staff page,"OpenReview profile, 2026-09-30: Researcher at Phenikaa University 2025-now and at N2TP Technology Solutions JSC 2020-now; no personal page found on 2026-09-30",
yes,Man Ngo,Man Minh Ngo; Ngo Minh Man; Minh Man Ngo,"University of Science, VNU-HCM",HCMUS,Lecturer,2020,~Man_Minh_Ngo1;~Man_Ngo1,,,rank: from his OpenReview profile only; not checked against an HCMUS staff page,"OpenReview profile, 2026-09-30: Lecturer at Ho Chi Minh City University of Science (VNU-HCM) since 2020; no personal page found",
yes,Canh V. Pham,Canh Pham; Pham Van Canh; Canh Van Pham; Van Canh Pham,Phenikaa University,Phenikaa,Associate Professor,,~Canh_V._Pham1,https://cvpham1989.github.io/,https://cvpham1989.github.io/,rank: from his OpenReview profile only; not checked against a Phenikaa staff page,"OpenReview profile, 2026-09-30: Associate Professor at Phenikaa University, start year given as 2014",
yes,Cuong Pham,Pham Cuong; Pham Van Cuong; Cuong Van Pham,Posts and Telecommunications Institute of Technology,PTIT,Associate Professor,2012,~Cuong_Pham1,,,rank and start year: from the OpenReview profile only; not checked against a staff page,"OpenReview profile, 2026-09-30: Associate Professor at Posts & Telecommunications Institute of Technology and VinAI Research since 2012; his papers name VinAI Research as well as PTIT",
yes,Hoang-Son Do,Hoang Son Do; Do Hoang Son; Son Hoang Do,Vietnam Academy of Science and Technology,VAST,Associate Professor,2022,~Hoang-Son_Do1,,,rank and start year: from the OpenReview profile only; not checked against a staff page,"OpenReview profile, 2026-09-30: Associate Professor at Vietnam Academy of Science and Technology since 2022",
yes,Nhan-Phu Chung,Nhan Phu Chung; Chung Nhan Phu; Phu Nhan Chung,University of Economics Ho Chi Minh City,UEH,Lecturer,2022,~Nhan-Phu_Chung1,,,rank and start year: from the OpenReview profile only; not checked against a staff page,"OpenReview profile, 2026-09-30: Lecturer at Ho Chi Minh City University of Economics since 2022",
yes,Uyen N.B. Vo,Uyen N. B. Vo; Uyen Vo; Vo Ngoc Bich Uyen; Ngoc Bich Uyen Vo; Uyen Ngoc Bich Vo,Posts and Telecommunications Institute of Technology,PTIT,Lecturer,2025,~Vo_Ngoc_Bich_Uyen1,,,rank and start year: from the OpenReview profile only; not checked against a staff page,"OpenReview profile, 2026-09-30: Lecturer at Posts & Telecommunications Institute of Technology since 2025",
yes,Danh Le-Phuoc,Danh Le Phuoc; Le Phuoc Danh; Phuoc Danh Le,VinUniversity,VinUni,Associate Professor,2025,~Danh_Le_Phuoc1,,,rank and start year: from the OpenReview profile only; not checked against a staff page,"OpenReview profile, 2026-09-30: Associate Professor at VinUniversity since 2025",
yes,Nhat-Quang Tran,Nhat Quang Tran; Tran Nhat Quang; Quang Nhat Tran,RMIT University Vietnam,RMIT Vietnam,Lecturer,2023,~Nhat-Quang_Tran1,,,rank and start year: from the OpenReview profile only; not checked against a staff page,"OpenReview profile, 2026-09-30: Lecturer at RMIT International University Vietnam since 2023",
yes,An Mai,Mai An,"International University, VNU-HCM",HCMIU,Lecturer,,~An_Mai1,,,rank and start year: from the OpenReview profile only; not checked against a staff page,"OpenReview profile, 2026-09-30: Lecturer at International University, Vietnam National University; no start year given",
yes,Minh-Triet Tran,Minh Triet Tran; Tran Minh Triet; Minh-triet Tran; Triet Minh Tran,"University of Science, VNU-HCM",HCMUS,Associate Professor,2001,~Minh-triet_Tran1;~Minh-Triet_Tran4;~Minh-Triet_Tran5,,,rank and start year: from the OpenReview profile only; not checked against a staff page,"OpenReview profile, 2026-10-02: Associate Professor at Ho Chi Minh City University of Science (VNU-HCM) since 2015, lecturer there since 2001; three merged profile IDs; DBLP pid 44/7448",
no,Hoang Phan,,New York University,NYU,,,,https://viethoang1512.github.io/,,,"Main post at New York University, not in Vietnam (checked by hand on 2026-10-02). His papers list HUST and VinUniversity from before.",
no,Kok-Seng Wong,Kok Seng Wong; Wong Kok-Seng,VinUniversity,VinUni,Associate Professor,2020,~KOK_SENG_WONG2,,,,Not Vietnamese: the site tracks Vietnamese professors and lecturers (decided by hand on 2026-10-02). Associate Professor at VinUniversity since 2020 (OpenReview profile).,
no,Nam Nguyen,Nam V. Nguyen; Nam Van Nguyen,FPT Software AI Center,FPT,Researcher,,~Nam_V._Nguyen1;~Nam_Nguyen8;~Nam_Van_Nguyen1,,,,"Researcher at FPT (FPT Software AI Center since 2024, FPT Corporation since 2026), not at a university (OpenReview profile, checked by hand on 2026-10-02). The candidate list merged several authors named Nam Nguyen whose papers list HUST.",
no,Chau Nguyen,ChauNguyen,VinAI Research,VinAI,Researcher,,~Chau_Nguyen5;~ChauNguyen1,,,,"Researcher at VinAI (2024-2026), not at a university; the HNUE affiliation on the papers is from his undergraduate studies there (2021-2025) (OpenReview profile, checked by hand on 2026-10-02).",
no,Hung Quang Nguyen,Nguyen Hung-Quang; Quang H Nguyen; Quang H. Nguyen,University of North Carolina at Chapel Hill,UNC,PhD student,,~Quang_H_Nguyen2;~Nguyen_Hung-Quang1;~Quang_Nguyen4,https://nguyenhungquang.github.io/,,,"A student, not a lecturer or professor: research assistant at VinUniversity 2022-2026, PhD student at the University of North Carolina at Chapel Hill since 2026 (OpenReview profile, checked by hand on 2026-10-02).",
no,Long Nguyen-Chi,Long Nguyen Chi; Nguyen Chi Long; Chi Long Nguyen,"University of Science, VNU-HCM",HCMUS,Researcher,,~Long_Nguyen-Chi1;~Long_Nguyen_Chi1,,,,"Not confirmed as a lecturer or professor: his OpenReview profile says researcher at Ho Chi Minh City University of Science since 2026 (researcher at VinUniversity 2025-2026, undergraduate at HUST 2021-2025). A web search summary calls him a professor there, but no staff page confirms it (checked by hand on 2026-10-02).",
no,Nhung Duong,Duong Nhung,Hanoi University of Pharmacy,Hanoi University of Pharmacy,PhD student,,~Nhung_Duong1,,,,"A student, not a lecturer or professor: PhD student at Hanoi University of Pharmacy 2023-2026 (OpenReview profile, checked by hand on 2026-10-02).",
