venue,year,submitted,accepted,rate_percent,source_url,source_kind,note
ICLR,2020,2594,687,26.5,https://syncedreview.com/2019/12/20/iclr-2020-accepted-papers-announced/,secondary,"Synced quoting PC announcement; no official ICLR page found; papercopilot and lixin4ever agree 2594/687"
ICLR,2021,3014,860,28.5,https://iclr.cc/media/Press/ICLR_2021_Fact_Sheet.pdf,official,"Fact sheet: 3014 total submitted, 860 accepted (53 orals, 114 spotlights). lixin4ever uses 2997 (28.7%), likely after desk rejects"
ICLR,2022,3391,1095,32.3,https://iclr.cc/media/Press/ICLR_2022_Fact_Sheet.pdf,official,"Fact sheet states 32.26%. lixin4ever uses 3328 (32.9%)"
ICLR,2023,4938,1574,31.9,https://iclr.cc/media/Press/ICLR_2023_Press_Release.pdf,official,"Press release: reviewed 4938 submissions, accepted 1574. Aggregators use 4955/4956 (31.8%)"
ICLR,2024,7262,2260,31.1,https://media.iclr.cc/Conferences/ICLR2025/ICLR2025_Fact_Sheet.pdf,official,"No 2024 fact sheet found; derived from year-over-year deltas in the 2025 fact sheet (11603-4341; 3704-1444; 'last year 31%'). lixin4ever 2250/7304 (30.81%)"
ICLR,2025,11603,3704,31.9,https://media.iclr.cc/Conferences/ICLR2025/ICLR2025_Fact_Sheet.pdf,official,"Fact sheet states 32%. lixin4ever 3706/11672 (31.75%)"
ICLR,2026,19525,5357,27.4,https://media.iclr.cc/Conferences/ICLR2026/ICLR2026_Fact_Sheet.pdf,official,"Base includes 779 desk rejects and 5042 withdrawals (13763 decided; 38.9% of decided). Blog retrospective says 5355 accepted, 27.4%"
NeurIPS,2020,9467,1898,20.0,https://neurips.cc/media/Press/2020_NeurIPS_Press_Release.pdf,official,"Press release. PC Medium post says 1900 accepted, 20.1%; 9467 is before desk rejection (~11% desk-rejected)"
NeurIPS,2021,9122,2334,25.6,https://neurips.cc/media/Press/2021_NeurIPS_Press_Release.pdf,official,"Press release: 9122 submitted, 2334 accepted (26%). lixin4ever's 2344 appears to be a typo. D&B track excluded"
NeurIPS,2022,10411,2672,25.7,https://blog.neurips.cc/2022/11/22/getting-ready-for-neurips-3-2022-conference-highlights/,official,"Accepted from this blog post; 10411 main-track submitted from blog.neurips.cc/2023/12/09/reflections-on-the-neurips-2023-ethics-review-process/. Commonly cited 25.6%. 2022 fact sheet gives conflicting 2905/9634/20% (appears to mix tracks)"
NeurIPS,2023,12343,3218,26.1,https://media.neurips.cc/Conferences/NeurIPS2023/NeurIPS2023-Fact_Sheet.pdf,official,"Fact sheet main track only (13330 / 3540 all tracks)"
NeurIPS,2024,15671,4037,25.8,https://media.neurips.cc/Conferences/NeurIPS2024/NeurIPS2024-Fact_Sheet.pdf,official,"Fact sheet main track only (17491 / 4497 all tracks)"
NeurIPS,2025,21575,5290,24.5,https://blog.neurips.cc/2025/09/30/reflections-on-the-2025-review-process-from-the-program-committee-chairs/,official,"PC post: 21575 'valid' submissions (after invalid/desk-rejected removed), 24.52%. Excludes Position and D&B tracks"
NeurIPS,2026,30709,7900,25.7,https://csconfstats.xoveexu.com/conferences/neurips/2026/,secondary,"Unverified; site cites no source; 7900 looks rounded; desk-reject handling unknown. Notifications were 24 Sep 2026; no official figures found on NeurIPS blog as of 4 Oct 2026"
ICML,2020,4990,1088,21.8,https://github.com/lixin4ever/Conference-Acceptance-Rate,secondary,"No official source found. PMLR v119 lists 1084; papercopilot 4990/1084"
ICML,2021,5513,1184,21.5,https://github.com/lixin4ever/Conference-Acceptance-Rate,secondary,"No official source found. 166 long + 1018 short talks. PMLR v139 lists 1183"
ICML,2022,5630,1235,21.9,https://github.com/lixin4ever/Conference-Acceptance-Rate,secondary,"No official source found. 118 long + 1117 short talks. PMLR v162 lists 1233"
ICML,2023,6538,1827,27.9,https://github.com/lixin4ever/Conference-Acceptance-Rate,secondary,"No official source found. PMLR v202 lists 1828"
ICML,2024,9473,2609,27.5,https://aip.riken.jp/?p=17310,secondary,"RIKEN quoting PC notification text ('2609 accepted papers from 9473 submissions'); excludes desk rejects. PMLR/lixin4ever 2610"
ICML,2025,12107,3260,26.9,https://aip.riken.jp/?p=19952,secondary,"RIKEN quoting PC notification text; papercopilot agrees. PMLR v267 has 3330 (includes position-paper track)"
ICML,2026,23918,6352,26.6,https://aip.riken.jp/news/icml2026/,secondary,"RIKEN quoting PC notification text; 23918 = entered review after desk rejects/withdrawals (24371 at full-paper deadline per reported ICML tweet)"
CVPR,2020,5865,1467,25.0,https://cvpr2020.thecvf.com/sites/default/files/CVPR2020_opening.pdf,official,"Opening slides (verified): 6424 registered, 5865 valid, 1467 accepted (25.0%), 335 orals. Widely quoted 6656/1470/22.1% (press, lixin4ever) conflicts"
CVPR,2021,7015,1660,23.7,https://github.com/lixin4ever/Conference-Acceptance-Rate,secondary,"7015 submitted is secondary (lixin4ever 7015/1661); 1660 = official CVF open-access count. Official chairs' page only says ~7500 submissions, ~5900 to decision, ~27% of those accepted"
CVPR,2022,8161,2064,25.3,https://cvpr2022.thecvf.com/sites/default/files/CVPR2022-ChairsOpeningMessages.pdf,official,"Chairs' opening messages. lixin4ever 2067"
CVPR,2023,9155,2359,25.8,https://cvpr.thecvf.com/Conferences/2023/AcceptedPapers,official,"Official accepted-papers page; 235 highlights"
CVPR,2024,11532,2719,23.6,https://cvpr.thecvf.com/Conferences/2024/News/Wrap_Release,official,"Wrap-up press release"
CVPR,2025,13008,2878,22.1,https://media.eventhosts.cc/Conferences/CVPR2025/CVPR_main_conf_2025.pdf,official,"PC message in program guide (valid submissions). Wrap release says '12,008' (typo) and 2872 presented"
CVPR,2026,16092,4089,25.4,https://media.eventhosts.cc/Conferences/CVPR2026/CVPR_main_conf_2026_15.pdf,official,"PC message, valid submissions; confirmed by closing release cvpr.thecvf.com/Conferences/2026/News/Closing. 4072 presented as posters"
ICCV,2021,6152,1612,26.2,https://iccv2023.thecvf.com/iccv2023.opening.slides-38--MTI.php,official,"Read from history chart in ICCV 2023 opening slides (stated 26%). Aggregators give 1617 / 6236"
ICCV,2023,8260,2161,26.2,https://iccv2023.thecvf.com/iccv2023.opening.slides-38--MTI.php,official,"Opening slides: stated 26%, 152 orals. Aggregators differ (8068/2160, 8088/2160)"
ICCV,2025,11239,2701,24.0,https://media.eventhosts.cc/Conferences/ICCV2025/iccv25_main_program.pdf,official,"Program guide, valid submissions; 64 orals, 263 highlights. papercopilot 11152/2698"
ECCV,2020,5025,1360,27.1,https://link.springer.com/book/10.1007/978-3-030-58452-8,official,"Springer proceedings preface blurb. lixin4ever 1361/5025"
ECCV,2022,6773,1645,24.3,https://eccv2022.ecva.net/files/2022/10/ECCV22-Welcome-Slides-for-web.pdf,official,"Welcome slides: 6773 total incl. 846 desk rejects; 1488 posters + 157 orals. Officially stated rate is 28% = 1645/5927 (after desk rejects)"
ECCV,2024,8585,2387,27.8,https://eccv2024.ecva.net/media/eccv-2024/Slides/2822.pdf,official,"Opening slides: 8585 valid submissions, stated 27.9%; 200 orals; 173 desk-rejected, 2410 withdrawn"
ECCV,2026,10473,2866,27.4,https://www.buscalibre.us/libro-computer-vision-eccv-2026-19th-european-conference-malmo-sweden-september-8-12-2026-proceedings-part-i/9783032369833/p/68356873,secondary,"Springer proceedings blurb seen via retailer (Springer blocked). csconfstats 10473/2883/27.5%; official accepted list ~2851 entries"
ACL,2020,3429,779,22.7,https://aclanthology.org/2020.acl-main.0.pdf,official,"Long+short combined: long 571/2244 (25.4%), short 208/1185 (17.6%). All submissions; excluding 29 desk rejects + 312 withdrawals gives 25.2%"
ACL,2021,3350,710,21.2,https://aclanthology.org/2021.acl-long.0.pdf,official,"Long+short combined: long 571/2327 (24.5%), short 139/1023 (13.6%) (split denominators from lixin4ever)"
ACL,2022,3378,701,20.8,https://aclanthology.org/2022.acl-long.0.pdf,official,"First ARR year; long 604 + short 97. PCs' option (a) denominator (ARR papers naming ACL, 20.75%); option (b) committed only 701/1918 = 36.54%"
ACL,2023,4864,1074,22.1,https://aclanthology.org/2023.acl-long.0.pdf,official,"Long+short combined: long 910/3872 (23.5%), short 164/992 (16.5%); 4559 direct + 305 ARR commits"
ACL,2024,4407,940,21.3,https://aclanthology.org/2024.acl-long.0.pdf,official,"Long+short combined (split not given). ARR Feb 2024 after 276 withdrawn and 169 desk rejects removed, + commits"
ACL,2025,8360,1699,20.3,https://aclanthology.org/2025.acl-long.0.pdf,official,"Long+short combined (split not given). Unique submissions ARR Dec 2024 + Feb 2025; general chairs say 1700"
ACL,2026,12148,2296,18.9,https://aclanthology.org/2026.acl-long.0.pdf,official,"Long+short combined (split not given). Unique submissions ARR Oct 2025 + Jan 2026"
EMNLP,2020,3359,752,22.4,https://aclanthology.org/2020.emnlp-main.0.pdf,official,"Long 602/2455 + short 150/904. Base after withdrawals and desk rejects; raw total 3677 (20.5%)"
EMNLP,2021,3600,840,23.3,https://aclanthology.org/2021.emnlp-main.0.pdf,official,"Long 650/2540 + short 190/1060. Base after withdrawals and desk rejects; raw total 3717 (22.6%)"
EMNLP,2022,4190,829,19.8,https://aclanthology.org/2022.emnlp-main.0.pdf,official,"Long 715/3242 + short 114/948. Base includes 275 ARR commits and 225 desk rejects; PCs state 20%"
EMNLP,2023,4909,1047,21.3,https://aclanthology.org/2023.emnlp-main.0.pdf,official,"Long 901/3868 + short 146/1041. Base includes 256 desk rejects; 1047 excludes 58 TACL/CL papers (headline 1105)"
EMNLP,2024,6105,1271,20.8,https://aclanthology.org/2024.emnlp-main.0.pdf,official,"Long+short combined (split not given at decision; proceedings 1125 long + 143 short). Base after 70 withdrawn and 220 desk rejects removed"
EMNLP,2025,8174,1811,22.2,https://aclanthology.org/2025.emnlp-main.0.pdf,official,"Long 1668 + short 143. Base = all papers committed to EMNLP (incl. 778 withdrawn and 670 desk rejects); PCs state 22.16%"
EMNLP,2026,not found,not found,not found,https://x.com/emnlpmeeting/status/2092151892923015309,official,"Official post (25 Aug 2026): 'over 2,700 main conference' and 'over 2,500 findings' (5252 total accepted). Exact main count and submissions not yet published"
